OBJECTID,GEOID,Gross Acres,Share of population who are people of color,Share of population who speak English less than very well,Share of population who are foreign born,Share of population with income below 200% of poverty level,Share of population 25 and older with less than a bachelor's degree,Share of adults with no leisure-time physical activity,Share of adults with diagnosed diabetes,Share of adults with obesity,Share of adults reporting mental health is not good,Share of adults with asthma,Life expectancy at birth,Share of adults with disability,Percentile people of color,Percentile speak English less than very well,Percentile foreign born,Percentile population with income under 200 percent of poverty level,Percentile less than a bachelor's degree,Percentile adults with no leisure-time physical activity,Percentile adults with diagnoses diabetes,Percentile adults with obesity,Percentile adults with mental health not good,Percentile adults with asthma,Percentile low life expectancy at birth,Percentile adults with disability,"Race, ELL, and origins percentile",Socioeconomic disadvantage percentile,Health disadvantage percentile,Composite percentile,"Race, ELL and Origins Quintile",Socioeconomic Disadvantage Quintile,Health Disadvantage Quintile,Composite Quintile,TRACTCE,Tract Number,Tract Name,Tract Name Long,Tract Location,"Race, ELL, and origins score",Socioeconomic disadvantage score,Health disadvantage score,Composite score,People of Color,Total population denominator for POC share,Foreign Born,Total population denominator for foreign born,Population 5 years and older who speak English less than very well,Population 5 years and older,Population 25 years and older with less than a bachelor's degree,Population 25 years and older,Population below 200% poverty,Population for whom poverty is determined,Adults with disability,Adult civilian noninstitutionalized population,Shape__Area,Shape__Length
1,53033000402,444.5,0.3253,0.0501,0.1246,0.1163,0.5104,0.145,0.074,0.199,0.117,0.09,81.69,0.200829111,0.414,0.5,0.306,0.278,0.869,0.744,0.789,0.375,0.159,0.346,0.705,0.96,0.397,0.602,0.681,0.585,Second Lowest,Second Highest,Second Highest,Middle,000402,402,4.02,Census Tract 4.02,In Seattle,0.4085,0.5735,0.582571429,0.56,1683,5174,663,5174,256,5108,2111,4136,596,5124,872,4342,19362220.5231628,21397.1752981976
2,53033000403,180.9,0.3699,0.0799,0.136,0.3653,0.5508,0.174,0.088,0.233,0.141,0.102,80.02,0.203439444,0.505,0.687,0.375,0.892,0.903,0.886,0.88,0.869,0.812,0.909,0.841,0.965,0.551,0.948,0.965,0.869,Middle,Highest Equity Priority/Most Disadvantaged,Highest Equity Priority/Most Disadvantaged,Highest Equity Priority,000403,403,4.03,Census Tract 4.03,In Seattle,0.518,0.8975,0.880285714,0.821333333,1137,3074,433,3074,239,2992,1452,2636,1154,3159,556,2733,7881373.50949097,14097.2150606256
3,53033000700,319.8,0.4771,0.089,0.2147,0.1703,0.5147,0.144,0.064,0.223,0.14,0.097,79.3,0.106040564,0.704,0.738,0.681,0.579,0.875,0.738,0.63,0.829,0.795,0.755,0.887,0.619,0.721,0.755,0.852,0.823,Second Highest,Second Highest,Highest Equity Priority/Most Disadvantaged,Highest Equity Priority,000700,700,7,Census Tract 7,In Seattle,0.70675,0.727,0.750428571,0.776,2483,5204,1128,5204,441,4954,2055,3993,894,5251,481,4536,13932242.3935852,16134.0299149433
4,53033003302,154.9,0.2672,0.0213,0.1118,0.1599,0.3116,0.089,0.04,0.201,0.127,0.09,88.6,0.143075046,0.227,0.227,0.221,0.528,0.482,0.085,0.164,0.397,0.465,0.346,0.046,0.829,0.215,0.511,0.255,0.312,Second Lowest,Middle,Second Lowest,Second Lowest,003302,3302,33.02,Census Tract 33.02,In Seattle,0.2255,0.505,0.333142857,0.327,926,3466,451,3466,76,3566,926,2972,645,4034,469,3278,6749336.48571777,10550.8179265194
5,53033003601,166.6,0.2835,0.0916,0.1974,0.1873,0.233,0.095,0.042,0.188,0.129,0.091,84,0.136035187,0.261,0.767,0.625,0.625,0.267,0.232,0.244,0.13,0.573,0.437,0.483,0.789,0.505,0.437,0.397,0.46,Middle,Middle,Second Lowest,Middle,003601,3601,36.01,Census Tract 36.01,In Seattle,0.4785,0.446,0.412571429,0.446333333,1088,3838,720,3838,317,3460,691,2966,677,3614,433,3183,7255879.06811523,11894.2888948792
6,53033004202,301.7,0.2657,0.004,0.0601,0.0265,0.1683,0.093,0.052,0.191,0.114,0.088,85.71,0.032388664,0.215,0.034,0.045,0,0.085,0.176,0.392,0.198,0.107,0.159,0.29,0.022,0.073,0.017,0.056,0.005,Lowest,Lowest,Lowest,Lowest,004202,4202,42.02,Census Tract 42.02,In Seattle,0.12725,0.0425,0.192,0.048666667,1180,4441,288,4441,18,4534,586,3482,127,4789,120,3705,13141688.4518738,15651.6663663759
7,53033004701,138.6,0.2855,0.0702,0.2096,0.1746,0.2766,0.091,0.04,0.193,0.126,0.089,87.08,0.13785489,0.267,0.636,0.67,0.596,0.403,0.125,0.164,0.227,0.426,0.187,0.12,0.801,0.482,0.505,0.198,0.38,Middle,Middle,Lowest,Second Lowest,004701,4701,47.01,Census Tract 47.01,In Seattle,0.46,0.4995,0.292857143,0.395,1039,3639,695,3639,223,3176,743,2686,579,3316,437,3170,6036027.95037842,13539.0477928979
8,53033005304,18,0.6004,0.1146,0.2558,0.6832,0.3291,0.172,0.016,0.161,0.233,0.126,83.72,0.087183958,0.852,0.812,0.727,0.982,0.573,0.852,0,0,0.994,0.994,0.529,0.403,0.818,0.818,0.642,0.806,Highest Equity Priority,Highest Equity Priority/Most Disadvantaged,Second Highest,Highest Equity Priority,005304,5304,53.04,Census Tract 53.04,In Seattle,0.81075,0.7775,0.538857143,0.759333333,2105,3506,897,3506,402,3507,52,158,110,161,300,3441,786047.098144531,4083.12606626608
9,53033005307,32.1,0.3578,0.0589,0.132,0.8934,0.3506,0.172,0.033,0.188,0.212,0.121,86.25,0.055678583,0.494,0.568,0.352,1,0.63,0.852,0.022,0.13,0.977,0.971,0.233,0.107,0.494,0.857,0.517,0.636,Middle,Highest Equity Priority/Most Disadvantaged,Middle,Second Highest,005307,5307,53.07,Census Tract 53.07,In Seattle,0.477,0.815,0.470285714,0.622666667,1045,2921,421,2921,188,3190,61,174,930,1041,176,3161,1399526.47994995,4758.85069026771
10,53033005902,252.8,0.2549,0.0348,0.0743,0.1276,0.254,0.097,0.041,0.188,0.149,0.101,86.81,0.044331856,0.181,0.38,0.056,0.329,0.323,0.272,0.198,0.13,0.886,0.892,0.137,0.034,0.181,0.306,0.318,0.267,Lowest,Second Lowest,Second Lowest,Second Lowest,005902,5902,59.02,Census Tract 59.02,In Seattle,0.1995,0.326,0.364142857,0.268333333,1052,4127,311,4127,132,3792,731,2878,534,4184,140,3158,11010649.894989,15184.220572689
11,53033006300,617.7,0.1741,0.0056,0.1085,0.0692,0.1472,0.098,0.064,0.191,0.103,0.087,87.81,0.071706758,0,0.039,0.204,0.096,0.039,0.295,0.63,0.198,0,0.073,0.074,0.232,0.017,0.028,0.085,0,Lowest,Lowest,Lowest,Lowest,006300,6300,63,Census Tract 63,In Seattle,0.06075,0.0675,0.214571429,0.043333333,963,5530,621,5530,31,5492,620,4211,395,5705,313,4365,26906303.6705933,32724.1059741129
12,53033006600,255,0.3162,0.0119,0.1818,0.1082,0.1294,0.085,0.042,0.193,0.123,0.087,85.27,0.035679374,0.386,0.102,0.539,0.21,0.017,0.045,0.244,0.227,0.318,0.073,0.341,0.028,0.352,0.051,0.039,0.056,Second Lowest,Lowest,Lowest,Lowest,006600,6600,66,Census Tract 66,In Seattle,0.35325,0.1135,0.182285714,0.147333333,1284,4061,788,4061,51,4272,488,3770,469,4334,146,4092,11109058.8374329,21983.572532091
13,53033007502,78.1,0.3849,0,0.2035,0.1475,0.2201,0.093,0.038,0.203,0.134,0.091,86.6,0.093012906,0.522,0,0.653,0.465,0.238,0.176,0.107,0.465,0.727,0.437,0.177,0.448,0.431,0.335,0.312,0.357,Middle,Second Lowest,Second Lowest,Second Lowest,007502,7502,75.02,Census Tract 75.02,In Seattle,0.42425,0.3515,0.362428571,0.359333333,1337,3474,480,3474,0,2308,447,2031,348,2359,209,2247,3400503.5552063,7403.62929263781
14,53033007800,511.4,0.2575,0.0195,0.1044,0.1011,0.1896,0.101,0.065,0.21,0.108,0.089,85.02,0.108758224,0.187,0.21,0.181,0.187,0.142,0.323,0.653,0.647,0.045,0.187,0.393,0.642,0.17,0.085,0.403,0.176,Lowest,Lowest,Middle,Lowest,007800,7800,78,Census Tract 78,In Seattle,0.19125,0.1645,0.412857143,0.219333333,1361,5285,616,5285,112,5740,799,4215,595,5888,529,4864,22278594.6607361,29075.757577576
15,53033007901,66,0.3438,0.019,0.0864,0.2739,0.2759,0.109,0.051,0.214,0.134,0.095,81.91,0.180945853,0.448,0.17,0.096,0.801,0.397,0.46,0.369,0.71,0.727,0.71,0.688,0.914,0.272,0.63,0.755,0.579,Second Lowest,Second Highest,Second Highest,Middle,007901,7901,79.01,Census Tract 79.01,In Seattle,0.2905,0.599,0.654,0.552333333,965,2807,257,2807,56,2953,721,2613,811,2961,528,2918,2876299.50204468,7879.40433949796
16,53033008102,137.5,0.419,0.0569,0.3047,0.2954,0.4488,0.145,0.083,0.246,0.129,0.094,78.72,0.30167364,0.596,0.551,0.818,0.829,0.789,0.744,0.852,0.943,0.573,0.681,0.915,1,0.653,0.846,0.92,0.846,Second Highest,Highest Equity Priority/Most Disadvantaged,Highest Equity Priority/Most Disadvantaged,Highest Equity Priority,008102,8102,81.02,Census Tract 81.02,In Seattle,0.64025,0.809,0.815428571,0.806333333,1259,3005,806,3005,149,2617,1039,2315,740,2505,721,2390,5987812.03561401,14339.9971145388
17,53033008402,35.9,0.4243,0.0082,0.1503,0.2019,0.3131,0.101,0.041,0.186,0.129,0.087,85.26,0.103729604,0.607,0.062,0.414,0.659,0.5,0.323,0.198,0.085,0.573,0.073,0.353,0.596,0.426,0.613,0.227,0.414,Middle,Second Highest,Second Lowest,Middle,008402,8402,84.02,Census Tract 84.02,In Seattle,0.4225,0.5795,0.314428571,0.422,1278,3012,387,3012,21,2574,697,2226,512,2536,267,2574,1565507.71520996,5220.86848686111
18,53033008600,175.8,0.5294,0.0697,0.2156,0.3239,0.369,0.127,0.041,0.192,0.172,0.106,82.61,0.062974203,0.784,0.63,0.687,0.869,0.659,0.653,0.198,0.215,0.965,0.943,0.637,0.164,0.738,0.795,0.647,0.767,Second Highest,Second Highest,Second Highest,Second Highest,008600,8600,86,Census Tract 86,In Seattle,0.72125,0.764,0.539285714,0.726666667,4044,7639,1510,7639,486,6971,1424,3859,1743,5382,415,6590,7656616.62557983,11640.7206126296
19,53033009701,442.9,0.2217,0.0578,0.1721,0.0907,0.327,0.102,0.058,0.205,0.116,0.09,86.99,0.139240506,0.079,0.556,0.5,0.153,0.556,0.357,0.545,0.522,0.136,0.346,0.125,0.812,0.301,0.34,0.386,0.34,Second Lowest,Second Lowest,Second Lowest,Second Lowest,009701,9701,97.01,Census Tract 97.01,In Seattle,0.3035,0.3545,0.406142857,0.342333333,1320,5955,1059,5955,336,5817,1566,4789,557,6138,715,5135,19291170.6731873,29763.7550657513
20,53033010602,355,0.2107,0.0265,0.1598,0.1493,0.3288,0.111,0.058,0.213,0.124,0.093,86.77,0.05616272,0.062,0.278,0.471,0.482,0.568,0.505,0.545,0.687,0.357,0.636,0.154,0.125,0.204,0.539,0.437,0.375,Second Lowest,Middle,Middle,Second Lowest,010602,10602,106.02,Census Tract 106.02,In Seattle,0.21825,0.525,0.429857143,0.393333333,841,3991,624,3991,99,3729,1051,3196,583,3906,185,3294,15461990.3950653,23762.7402783345
21,53033010701,361,0.5596,0.0881,0.1753,0.2313,0.5362,0.161,0.069,0.247,0.15,0.104,78.57,0.142725881,0.818,0.732,0.511,0.704,0.886,0.823,0.738,0.965,0.903,0.926,0.921,0.823,0.732,0.829,0.954,0.88,Second Highest,Highest Equity Priority/Most Disadvantaged,Highest Equity Priority/Most Disadvantaged,Highest Equity Priority,010701,10701,107.01,Census Tract 107.01,In Seattle,0.71975,0.795,0.871285714,0.838333333,2306,4121,728,4121,335,3801,1725,3217,947,4095,466,3265,15726285.722702,21302.3651802963
22,53033011002,424.9,0.8928,0.3665,0.4908,0.5269,0.7944,0.303,0.142,0.225,0.146,0.099,82.13,0.088566351,1,0.988,0.982,0.965,1,1,0.994,0.835,0.875,0.84,0.677,0.409,0.994,1,0.897,0.982,Highest Equity Priority,Highest Equity Priority/Most Disadvantaged,Highest Equity Priority/Most Disadvantaged,Highest Equity Priority,011002,11002,110.02,Census Tract 110.02,In Seattle,0.9925,0.9825,0.804285714,0.963666667,4098,4590,2257,4590,1596,4355,2245,2826,2423,4599,299,3376,18508908.4573669,22511.126764938
23,53033011402,293.1,0.5849,0.1812,0.2635,0.1728,0.6287,0.193,0.085,0.243,0.147,0.1,75.24,0.184619816,0.829,0.92,0.755,0.59,0.931,0.926,0.875,0.926,0.88,0.863,0.989,0.926,0.84,0.789,0.982,0.909,Highest Equity Priority,Second Highest,Highest Equity Priority/Most Disadvantaged,Highest Equity Priority,011402,11402,114.02,Census Tract 114.02,In Seattle,0.83325,0.7605,0.912142857,0.870333333,2456,4199,1138,4199,719,3968,1969,3132,746,4318,641,3472,12767866.8525238,17325.0262739936
74,53033001201,249.1,0.511,0.1302,0.1912,0.3962,0.6044,0.157,0.07,0.219,0.14,0.098,82.18,0.23818073,0.778,0.835,0.579,0.909,0.92,0.806,0.75,0.772,0.795,0.795,0.671,0.977,0.789,0.96,0.88,0.914,Second Highest,Highest Equity Priority/Most Disadvantaged,Highest Equity Priority/Most Disadvantaged,Highest Equity Priority,001201,1201,12.01,Census Tract 12.01,In Seattle,0.7425,0.9145,0.795142857,0.876333333,1932,3781,752,3781,470,3610,1832,3031,1554,3922,796,3342,10851861.6416321,15899.7733430541
75,53033001800,233.8,0.4013,0.0466,0.2512,0.1451,0.3182,0.1,0.036,0.196,0.138,0.092,80.1,0.050344828,0.562,0.471,0.715,0.437,0.528,0.318,0.062,0.289,0.778,0.551,0.83,0.062,0.602,0.477,0.403,0.511,Second Highest,Middle,Middle,Middle,001800,1800,18,Census Tract 18,In Seattle,0.5775,0.4825,0.412857143,0.494,2050,5109,1263,5109,225,4831,1238,3891,726,5002,219,4350,10182882.2716064,13946.1000282131
76,53033002900,243.7,0.1959,0.0098,0.0861,0.0869,0.3015,0.097,0.047,0.209,0.125,0.091,82.62,0.058319957,0.017,0.09,0.09,0.136,0.465,0.272,0.312,0.607,0.386,0.437,0.631,0.153,0.005,0.272,0.38,0.164,Lowest,Second Lowest,Second Lowest,Lowest,002900,2900,29,Census Tract 29,In Seattle,0.0535,0.3005,0.399714286,0.219,919,4690,410,4690,44,4495,1064,3529,411,4732,218,3738,10614791.1058044,13366.3196709237
77,53033003202,236.2,0.2401,0,0.077,0.0533,0.2669,0.101,0.054,0.208,0.122,0.091,84.86,0.078925956,0.13,0,0.068,0.034,0.369,0.323,0.448,0.585,0.255,0.437,0.404,0.323,0.034,0.147,0.369,0.107,Lowest,Lowest,Second Lowest,Lowest,003202,3202,32.02,Census Tract 32.02,In Seattle,0.082,0.2015,0.396428571,0.183333333,1148,4781,367,4781,0,4483,953,3571,254,4769,291,3687,10289818.4570618,12945.3948643703
78,53033004000,604.3,0.3999,0.0432,0.1365,0.1661,0.2688,0.138,0.075,0.222,0.128,0.099,85.36,0.100895037,0.545,0.443,0.38,0.556,0.375,0.715,0.823,0.823,0.511,0.84,0.336,0.545,0.5,0.454,0.761,0.596,Middle,Middle,Second Highest,Middle,004000,4000,40,Census Tract 40,In Seattle,0.47825,0.4655,0.656142857,0.571666667,1323,3308,445,3308,137,3171,586,2180,528,3179,248,2458,26325399.5582886,27013.7115563569
79,53033004302,81.8,0.4227,0.083,0.1962,0.6989,0.3663,0.152,0.037,0.185,0.19,0.113,81.4,0.101750292,0.602,0.71,0.607,0.988,0.653,0.778,0.102,0.073,0.971,0.965,0.739,0.562,0.636,0.863,0.693,0.772,Second Highest,Highest Equity Priority/Most Disadvantaged,Second Highest,Second Highest,004302,4302,43.02,Census Tract 43.02,In Seattle,0.63025,0.8205,0.598571429,0.730666667,1657,3920,872,3920,367,4423,534,1458,2488,3560,436,4285,3564115.66998291,7987.27441919442
80,53033004702,65.8,0.3329,0.0911,0.2557,0.1215,0.1435,0.091,0.04,0.193,0.126,0.089,87.08,0.079333986,0.426,0.761,0.721,0.306,0.034,0.125,0.164,0.227,0.426,0.187,0.12,0.329,0.613,0.096,0.09,0.261,Second Highest,Lowest,Lowest,Second Lowest,004702,4702,47.02,Census Tract 47.02,In Seattle,0.5835,0.17,0.225428571,0.266333333,1304,3917,842,3917,293,3218,410,2858,400,3293,243,3063,2867507.73443604,6956.44967487579
81,53033005803,205.6,0.3164,0.0367,0.235,0.2022,0.2835,0.106,0.052,0.207,0.128,0.092,82.95,0.062299751,0.392,0.42,0.698,0.664,0.42,0.42,0.392,0.562,0.511,0.551,0.563,0.159,0.488,0.562,0.471,0.534,Middle,Middle,Middle,Middle,005803,5803,58.03,Census Tract 58.03,In Seattle,0.4755,0.542,0.451142857,0.507,1059,3347,768,3347,115,3135,782,2758,657,3250,175,2809,8956173.42428589,17129.1988103308
82,53033007403,29.3,0.347,0.0409,0.1886,0.1695,0.1866,0.081,0.031,0.187,0.129,0.087,85.9,0.056092125,0.465,0.426,0.568,0.562,0.125,0.011,0.011,0.107,0.573,0.073,0.262,0.119,0.511,0.329,0.011,0.284,Middle,Second Lowest,Lowest,Second Lowest,007403,7403,74.03,Census Tract 74.03,In Seattle,0.481,0.3435,0.165142857,0.283666667,883,2545,514,2545,110,2692,473,2535,462,2725,151,2692,1276089.06912231,5227.49528678753
83,53033007700,261.5,0.4004,0.0088,0.1537,0.1345,0.2706,0.097,0.049,0.211,0.124,0.091,79.99,0.085253926,0.551,0.073,0.437,0.369,0.386,0.272,0.363,0.664,0.357,0.437,0.847,0.375,0.392,0.363,0.534,0.431,Second Lowest,Second Lowest,Middle,Middle,007700,7700,77,Census Tract 77,In Seattle,0.403,0.3775,0.473571429,0.429666667,2158,5390,885,5390,48,5480,1176,4346,771,5731,418,4903,11391208.219635,15242.2097594942
84,53033008004,66.8,0.4724,0.0414,0.3205,0.0675,0.1561,0.093,0.044,0.193,0.116,0.083,85.04,0.026126715,0.698,0.431,0.846,0.085,0.045,0.176,0.272,0.227,0.136,0.011,0.387,0,0.676,0.022,0.017,0.21,Second Highest,Lowest,Lowest,Second Lowest,008004,8004,80.04,Census Tract 80.04,In Seattle,0.66825,0.065,0.172714286,0.238333333,1611,3410,1021,3410,129,3113,459,2941,215,3186,80,3062,2908335.8704834,14937.6990872932
85,53033008401,62,0.4399,0.1051,0.3339,0.1601,0.3943,0.101,0.041,0.186,0.129,0.087,85.26,0.139937652,0.647,0.789,0.88,0.534,0.704,0.323,0.198,0.085,0.573,0.073,0.353,0.818,0.784,0.642,0.267,0.59,Second Highest,Second Highest,Second Lowest,Middle,008401,8401,84.01,Census Tract 84.01,In Seattle,0.74075,0.619,0.346142857,0.564333333,1526,3469,1026,3469,323,3073,989,2508,488,3048,404,2887,2700766.60916138,9275.81826748449
86,53033009400,416.7,0.6069,0.18,0.3141,0.1791,0.3818,0.166,0.08,0.204,0.124,0.085,85.56,0.190997977,0.863,0.914,0.835,0.613,0.687,0.835,0.846,0.505,0.357,0.039,0.307,0.948,0.892,0.676,0.659,0.789,Highest Equity Priority,Second Highest,Second Highest,Second Highest,009400,9400,94,Census Tract 94,In Seattle,0.86875,0.65,0.548142857,0.742333333,3985,6566,2079,6566,1157,6429,2134,5590,1178,6577,1133,5932,18150625.6760101,18874.583183104
87,53033009600,453.2,0.2068,0.0083,0.0945,0.0671,0.2714,0.114,0.067,0.202,0.112,0.089,84.23,0.069801463,0.051,0.068,0.147,0.079,0.392,0.568,0.704,0.443,0.073,0.187,0.455,0.204,0.028,0.187,0.335,0.107,Lowest,Lowest,Second Lowest,Lowest,009600,9600,96,Census Tract 96,In Seattle,0.07925,0.2355,0.376285714,0.183333333,1209,5847,533,5847,45,5431,1310,4827,371,5527,334,4785,19741503.2793427,20745.3330701535
88,53033009802,227.9,0.2401,0.0445,0.1128,0.198,0.3344,0.105,0.054,0.213,0.123,0.092,86.59,0.055607331,0.13,0.454,0.227,0.647,0.579,0.392,0.448,0.687,0.318,0.551,0.188,0.102,0.227,0.636,0.352,0.386,Second Lowest,Second Highest,Second Lowest,Second Lowest,009802,9802,98.02,Census Tract 98.02,In Seattle,0.23525,0.613,0.383714286,0.405,846,3523,455,3523,158,3549,1056,3158,799,4035,179,3219,9927510.52308655,12982.7549339755
89,53033010002,234.3,0.6124,0.1878,0.2675,0.1915,0.4296,0.172,0.083,0.195,0.122,0.084,85.78,0.11565921,0.875,0.926,0.778,0.63,0.75,0.852,0.852,0.278,0.255,0.028,0.279,0.681,0.875,0.727,0.488,0.71,Highest Equity Priority,Second Highest,Middle,Second Highest,010002,10002,100.02,Census Tract 100.02,In Seattle,0.8635,0.69,0.460714286,0.696666667,2977,4861,1318,4861,890,4739,1671,3890,942,4919,486,4202,10204645.6441345,13732.7653894027
90,53033010102,397.4,0.5066,0.0229,0.0727,0.1139,0.328,0.169,0.093,0.239,0.127,0.098,78.29,0.128850103,0.767,0.238,0.051,0.244,0.562,0.84,0.909,0.903,0.465,0.795,0.938,0.744,0.465,0.403,0.886,0.613,Middle,Middle,Highest Equity Priority/Most Disadvantaged,Second Highest,010102,10102,101.02,Census Tract 101.02,In Seattle,0.45575,0.403,0.799142857,0.584666667,2220,4382,330,4382,99,4326,1194,3640,517,4539,502,3896,17310251.5573273,22299.5965145163
91,53033010800,998.8,0.4987,0.0741,0.1935,0.2287,0.4685,0.137,0.066,0.211,0.128,0.09,79.31,0.103320053,0.755,0.653,0.59,0.698,0.806,0.698,0.693,0.664,0.511,0.346,0.881,0.585,0.681,0.784,0.727,0.772,Second Highest,Second Highest,Second Highest,Second Highest,010800,10800,108,Census Tract 108,In Seattle,0.68825,0.752,0.625428571,0.730666667,2525,5063,943,5063,331,4467,1645,3511,1110,4853,389,3765,43505962.6357117,35341.0746009048
92,53033010900,1339.2,0.3672,0.0677,0.0904,0.3176,0.5029,0.14,0.065,0.242,0.141,0.093,82.55,0.082296651,0.5,0.613,0.119,0.852,0.852,0.727,0.653,0.914,0.812,0.636,0.643,0.352,0.437,0.897,0.801,0.732,Middle,Highest Equity Priority/Most Disadvantaged,Highest Equity Priority/Most Disadvantaged,Second Highest,010900,10900,109,Census Tract 109,In Seattle,0.433,0.852,0.676714286,0.711666667,535,1457,109,1457,76,1122,519,1032,383,1206,86,1045,58333656.6288605,43913.844823203
130,53033000300,299.2,0.4007,0.0778,0.1536,0.1544,0.449,0.13,0.065,0.216,0.132,0.094,80.22,0.089323692,0.556,0.659,0.431,0.505,0.795,0.681,0.653,0.738,0.687,0.681,0.824,0.42,0.568,0.676,0.772,0.693,Middle,Second Highest,Second Highest,Second Highest,000300,300,3,Census Tract 3,In Seattle,0.5505,0.65,0.669142857,0.672,1130,2820,437,2820,210,2698,823,1833,438,2837,210,2351,13034275.5625916,17298.1521486529
131,53033000404,155.9,0.5904,0.2551,0.3719,0.4058,0.7325,0.174,0.088,0.233,0.141,0.102,80.02,0.259975445,0.835,0.965,0.926,0.926,0.988,0.886,0.88,0.869,0.812,0.909,0.841,0.982,0.931,0.994,0.971,0.994,Highest Equity Priority,Highest Equity Priority/Most Disadvantaged,Highest Equity Priority/Most Disadvantaged,Highest Equity Priority,000404,404,4.04,Census Tract 4.04,In Seattle,0.89025,0.957,0.882714286,0.965333333,2401,4067,1435,4067,967,3790,2204,3009,1566,3859,847,3258,6791703.23275757,12962.8073954813
132,53033001100,262.1,0.3563,0.1296,0.2593,0.0589,0.279,0.114,0.059,0.203,0.119,0.088,79.56,0.103587444,0.488,0.829,0.744,0.056,0.414,0.568,0.596,0.465,0.227,0.159,0.87,0.59,0.642,0.181,0.579,0.482,Second Highest,Lowest,Middle,Middle,001100,1100,11,Census Tract 11,In Seattle,0.63725,0.235,0.496428571,0.467333333,966,2711,702,2711,336,2593,585,2097,159,2698,231,2230,11416399.5888672,14159.1273465604
133,53033002400,237.8,0.2925,0.0327,0.0959,0.0813,0.2117,0.105,0.058,0.198,0.119,0.09,86.65,0.052631579,0.295,0.357,0.159,0.119,0.198,0.392,0.545,0.335,0.227,0.346,0.16,0.079,0.255,0.079,0.21,0.102,Second Lowest,Lowest,Second Lowest,Lowest,002400,2400,24,Census Tract 24,In Seattle,0.2765,0.1585,0.297714286,0.181333333,941,3217,305,3217,99,3030,518,2447,258,3172,133,2527,10359919.7830505,13151.7125244727
134,53033003602,129.1,0.3819,0.0855,0.1654,0.198,0.2065,0.095,0.042,0.188,0.129,0.091,84,0.151709402,0.517,0.715,0.482,0.647,0.187,0.232,0.244,0.13,0.573,0.437,0.483,0.846,0.59,0.414,0.42,0.5,Middle,Middle,Middle,Middle,003602,3602,36.02,Census Tract 36.02,In Seattle,0.55775,0.417,0.420714286,0.474666667,1747,4574,658,4574,335,3918,705,3414,788,3979,568,3744,5621886.08468628,11471.0943824177
135,53033004102,411.8,0.3044,0.0442,0.1094,0.1013,0.1373,0.094,0.056,0.187,0.106,0.086,88.22,0.105795148,0.357,0.448,0.21,0.193,0.028,0.221,0.517,0.107,0.022,0.051,0.069,0.613,0.335,0.045,0.096,0.073,Second Lowest,Lowest,Lowest,Lowest,004102,4102,41.02,Census Tract 41.02,In Seattle,0.343,0.1105,0.228571429,0.158666667,1278,4198,436,4198,167,3777,375,2731,400,3947,314,2968,17936148.2685547,23394.0705628668
136,53033004600,638.9,0.2287,0.0291,0.0814,0.1436,0.1881,0.09,0.046,0.198,0.122,0.09,83.72,0.075831025,0.09,0.318,0.079,0.426,0.136,0.107,0.306,0.335,0.255,0.346,0.529,0.284,0.096,0.25,0.221,0.125,Lowest,Second Lowest,Second Lowest,Lowest,004600,4600,46,Census Tract 46,In Seattle,0.14425,0.281,0.308857143,0.189,815,3563,284,3563,96,3299,511,2717,496,3455,219,2888,27829368.7579041,25514.2239990995
137,53033005100,217.9,0.2517,0.0284,0.125,0.1164,0.2131,0.093,0.048,0.201,0.121,0.091,82.82,0.030589001,0.176,0.312,0.312,0.284,0.21,0.176,0.34,0.397,0.25,0.437,0.597,0.017,0.238,0.204,0.232,0.193,Second Lowest,Second Lowest,Second Lowest,Lowest,005100,5100,51,Census Tract 51,In Seattle,0.244,0.247,0.316285714,0.224666667,1010,4012,479,4012,101,3560,612,2872,446,3831,94,3073,9490350.15283203,13462.5915467267
138,53033005401,181.2,0.2876,0.0533,0.1663,0.0926,0.1088,0.08,0.034,0.186,0.126,0.089,82.74,0.047715736,0.284,0.517,0.488,0.159,0.011,0,0.039,0.085,0.426,0.187,0.608,0.051,0.38,0.034,0.068,0.085,Second Lowest,Lowest,Lowest,Lowest,005401,5401,54.01,Census Tract 54.01,In Seattle,0.39325,0.085,0.199428571,0.160666667,1108,3853,521,3853,164,3077,294,2701,290,3133,141,2955,7892270.53936768,19740.1081092108
139,53033005600,735.7,0.1994,0.019,0.1163,0.0384,0.2604,0.101,0.067,0.203,0.104,0.087,85.91,0.050056455,0.028,0.17,0.25,0.005,0.335,0.323,0.704,0.465,0.011,0.073,0.25,0.056,0.062,0.102,0.142,0.022,Lowest,Lowest,Lowest,Lowest,005600,5600,56,Census Tract 56,In Seattle,0.119,0.17,0.268857143,0.102,1422,7130,823,7130,126,6637,1361,5226,272,7076,266,5314,32045054.8135986,29943.1712872989
140,53033006400,223.3,0.2368,0.0196,0.0928,0.1288,0.1322,0.09,0.053,0.202,0.112,0.089,87.29,0.07628866,0.119,0.221,0.13,0.346,0.022,0.107,0.426,0.443,0.073,0.187,0.097,0.289,0.102,0.113,0.102,0.034,Lowest,Lowest,Lowest,Lowest,006400,6400,64,Census Tract 64,In Seattle,0.14725,0.184,0.231714286,0.105666667,810,3420,337,3420,67,3420,346,2617,467,3626,222,2910,9726351.90362549,13186.7701844649
141,53033008300,58.8,0.4413,0.0871,0.2849,0.2257,0.3499,0.137,0.07,0.21,0.127,0.091,81.27,0.191171801,0.653,0.727,0.789,0.681,0.625,0.698,0.75,0.647,0.465,0.437,0.762,0.954,0.715,0.693,0.789,0.784,Second Highest,Second Highest,Second Highest,Second Highest,008300,8300,83,Census Tract 83,In Seattle,0.7055,0.653,0.673285714,0.732333333,1508,3417,962,3417,290,3331,927,2649,743,3292,602,3149,2561276.49801636,8632.13489441641
142,53033008800,234.4,0.4184,0.054,0.13,0.1551,0.2918,0.112,0.061,0.233,0.129,0.098,85.47,0.104695246,0.59,0.534,0.335,0.511,0.454,0.539,0.607,0.869,0.573,0.795,0.33,0.607,0.539,0.477,0.721,0.602,Middle,Middle,Second Highest,Second Highest,008800,8800,88,Census Tract 88,In Seattle,0.51225,0.4825,0.617142857,0.579,1599,3822,566,3822,214,3962,948,3249,663,4276,359,3429,10210038.8581543,13202.5268569693
143,53033009000,211.5,0.6317,0.155,0.3234,0.3705,0.4428,0.2,0.111,0.22,0.124,0.091,78.52,0.189767442,0.892,0.88,0.857,0.897,0.772,0.931,0.971,0.795,0.357,0.437,0.927,0.943,0.909,0.875,0.863,0.92,Highest Equity Priority,Highest Equity Priority/Most Disadvantaged,Highest Equity Priority/Most Disadvantaged,Highest Equity Priority,009000,9000,90,Census Tract 90,In Seattle,0.88025,0.8345,0.765857143,0.882333333,2706,4284,1229,4284,547,3528,1348,3044,1380,3725,612,3225,9212173.19689941,14319.1029916165
144,53033009702,548.7,0.2133,0.009,0.0342,0.0664,0.2785,0.098,0.054,0.206,0.117,0.089,84.33,0.096722068,0.073,0.079,0.005,0.073,0.409,0.295,0.448,0.545,0.159,0.187,0.449,0.482,0.011,0.193,0.329,0.096,Lowest,Lowest,Second Lowest,Lowest,009702,9702,97.02,Census Tract 97.02,In Seattle,0.0575,0.241,0.366428571,0.177666667,1261,5911,194,5911,48,5341,1078,3871,376,5665,419,4332,23899907.4261475,28258.7625684206
145,53033010001,575.1,0.6681,0.2223,0.3309,0.4411,0.6136,0.223,0.115,0.229,0.134,0.095,85.05,0.143984844,0.926,0.937,0.869,0.937,0.926,0.965,0.977,0.846,0.727,0.71,0.375,0.835,0.937,0.965,0.869,0.965,Highest Equity Priority,Highest Equity Priority/Most Disadvantaged,Highest Equity Priority/Most Disadvantaged,Highest Equity Priority,010001,10001,100.01,Census Tract 100.01,In Seattle,0.9145,0.9315,0.776428571,0.923666667,3024,4526,1334,4526,875,3937,1672,2725,1744,3954,456,3167,25052474.6054382,25628.9245317008
146,53033010101,215.4,0.7306,0.2508,0.3073,0.3516,0.5188,0.169,0.093,0.239,0.127,0.098,78.29,0.119238477,0.948,0.954,0.823,0.886,0.88,0.84,0.909,0.903,0.465,0.795,0.938,0.687,0.943,0.92,0.875,0.954,Highest Equity Priority,Highest Equity Priority/Most Disadvantaged,Highest Equity Priority/Most Disadvantaged,Highest Equity Priority,010101,10101,101.01,Census Tract 101.01,In Seattle,0.91825,0.883,0.791,0.912666667,3162,4328,1284,4328,967,3856,1363,2627,1419,4036,357,2994,9381810.13053894,15311.65670506
147,53033010200,691.3,0.4101,0.0654,0.1537,0.0618,0.3217,0.122,0.074,0.211,0.111,0.089,84.81,0.099486678,0.568,0.596,0.437,0.068,0.534,0.625,0.789,0.664,0.068,0.187,0.421,0.534,0.562,0.289,0.511,0.465,Middle,Second Lowest,Middle,Middle,010200,10200,102,Census Tract 102,In Seattle,0.54225,0.301,0.469714286,0.454,2065,5035,779,5035,308,4710,1262,3923,313,5067,407,4091,30114819.0135345,33576.3709087367
148,53033011801,291.1,0.7841,0.2126,0.3171,0.2629,0.5011,0.205,0.102,0.256,0.142,0.104,81.03,0.074347995,0.977,0.931,0.84,0.767,0.846,0.937,0.931,0.977,0.835,0.926,0.802,0.267,0.948,0.84,0.914,0.926,Highest Equity Priority,Highest Equity Priority/Most Disadvantaged,Highest Equity Priority/Most Disadvantaged,Highest Equity Priority,011801,11801,118.01,Census Tract 118.01,In Seattle,0.93125,0.8065,0.810714286,0.900666667,2975,3794,1078,3794,646,3039,1091,2177,894,3400,191,2569,12678752.4380951,15607.942417231
149,53033011802,283.5,0.7623,0.0862,0.2158,0.3284,0.5994,0.205,0.102,0.256,0.142,0.104,81.03,0.121376812,0.954,0.721,0.693,0.875,0.914,0.937,0.931,0.977,0.835,0.926,0.802,0.693,0.835,0.931,0.96,0.943,Highest Equity Priority,Highest Equity Priority/Most Disadvantaged,Highest Equity Priority/Most Disadvantaged,Highest Equity Priority,011802,11802,118.02,Census Tract 118.02,In Seattle,0.8305,0.8945,0.871571429,0.908666667,3219,4223,971,4223,363,4212,1912,3190,1478,4500,402,3312,12347857.3348541,17942.0364199332
196,53033000101,102.5,0.6137,0.167,0.2653,0.375,0.4938,0.156,0.074,0.232,0.139,0.099,78.27,0.137931034,0.88,0.892,0.772,0.903,0.835,0.795,0.789,0.857,0.784,0.84,0.949,0.806,0.857,0.909,0.943,0.937,Highest Equity Priority,Highest Equity Priority/Most Disadvantaged,Highest Equity Priority/Most Disadvantaged,Highest Equity Priority,000101,101,1.01,Census Tract 1.01,In Seattle,0.856,0.869,0.831428571,0.903,2307,3759,929,3759,533,3191,1265,2562,1311,3496,400,2900,4465061.73980713,8662.10098023399
197,53033000102,354.9,0.4293,0.0791,0.1806,0.2403,0.4832,0.156,0.074,0.232,0.139,0.099,78.27,0.173451327,0.63,0.676,0.528,0.727,0.812,0.795,0.789,0.857,0.784,0.84,0.949,0.892,0.625,0.812,0.948,0.835,Second Highest,Highest Equity Priority/Most Disadvantaged,Highest Equity Priority/Most Disadvantaged,Highest Equity Priority,000102,102,1.02,Census Tract 1.02,In Seattle,0.616,0.7695,0.843714286,0.795,1855,4321,796,4321,338,4275,1726,3572,1059,4407,686,3955,15458424.2605896,19776.5126415616
198,53033000201,446.4,0.4581,0.0963,0.2639,0.2258,0.3974,0.129,0.064,0.201,0.122,0.089,82.84,0.179303006,0.681,0.778,0.761,0.687,0.71,0.67,0.63,0.397,0.255,0.187,0.591,0.909,0.75,0.738,0.625,0.727,Second Highest,Second Highest,Second Highest,Second Highest,000201,201,2.01,Census Tract 2.01,In Seattle,0.72525,0.6985,0.519857143,0.704333333,2023,4416,1201,4416,415,4311,1401,3525,1026,4544,674,3759,19446251.0424194,18651.5944507195
199,53033002000,279.7,0.2981,0.0332,0.139,0.2026,0.3787,0.114,0.056,0.212,0.131,0.094,83.42,0.182351217,0.323,0.363,0.386,0.67,0.676,0.568,0.517,0.681,0.659,0.681,0.546,0.92,0.346,0.721,0.75,0.625,Second Lowest,Second Highest,Second Highest,Second Highest,002000,2000,20,Census Tract 20,In Seattle,0.34875,0.673,0.653142857,0.605666667,1110,3723,586,3723,132,3972,1176,3105,847,4180,622,3411,12183878.7989197,15509.5457093394
200,53033002200,691.7,0.2739,0.0564,0.1639,0.1077,0.2257,0.109,0.07,0.198,0.106,0.087,86.02,0.086767896,0.238,0.545,0.477,0.204,0.25,0.46,0.75,0.335,0.022,0.073,0.239,0.392,0.369,0.17,0.238,0.232,Second Lowest,Lowest,Second Lowest,Second Lowest,002200,2200,22,Census Tract 22,In Seattle,0.3745,0.227,0.324428571,0.259,1629,5948,975,5948,316,5607,971,4302,634,5889,400,4610,30131567.4604492,28212.1739455341
201,53033003400,194.5,0.2112,0.0068,0.1276,0.0675,0.2132,0.086,0.043,0.201,0.122,0.09,82.5,0.09902371,0.068,0.056,0.329,0.085,0.215,0.062,0.261,0.397,0.255,0.346,0.648,0.517,0.079,0.073,0.278,0.051,Lowest,Lowest,Second Lowest,Lowest,003400,3400,34,Census Tract 34,In Seattle,0.13025,0.15,0.355142857,0.143333333,752,3560,466,3560,23,3377,570,2673,246,3643,284,2868,8472471.71478271,12629.3229335506
202,53033003900,240.6,0.3002,0.0533,0.1721,0.124,0.1647,0.108,0.063,0.194,0.109,0.087,88.54,0.092381786,0.335,0.517,0.5,0.312,0.068,0.448,0.619,0.267,0.051,0.073,0.052,0.443,0.42,0.13,0.159,0.204,Middle,Lowest,Lowest,Second Lowest,003900,3900,39,Census Tract 39,In Seattle,0.42175,0.19,0.279,0.236333333,913,3041,540,3041,161,3020,334,2028,389,3137,211,2284,10481334.9801331,13200.9092050906
203,53033004402,72.9,0.5067,0.0638,0.2901,0.4632,0.3072,0.124,0.041,0.196,0.167,0.106,92.14,0.066515983,0.772,0.585,0.801,0.943,0.471,0.63,0.198,0.289,0.948,0.943,0.006,0.181,0.772,0.744,0.477,0.681,Second Highest,Second Highest,Middle,Second Highest,004402,4402,44.02,Census Tract 44.02,In Seattle,0.7325,0.707,0.456428571,0.664333333,1806,3564,945,3564,205,3211,536,1745,1509,3258,206,3097,3175021.43334961,7487.97985687102
204,53033004902,148,0.2943,0.0137,0.0568,0.1119,0.1962,0.085,0.034,0.189,0.133,0.091,78.87,0.06305129,0.301,0.119,0.034,0.232,0.17,0.045,0.039,0.176,0.704,0.437,0.904,0.17,0.164,0.142,0.272,0.13,Lowest,Lowest,Second Lowest,Lowest,004902,4902,49.02,Census Tract 49.02,In Seattle,0.18875,0.201,0.353571429,0.192666667,925,3143,184,3143,43,3150,497,2533,360,3217,193,3061,6448262.10928345,10801.7311825844
205,53033005201,173,0.4102,0.0684,0.2577,0.2381,0.3446,0.127,0.039,0.184,0.157,0.098,84.75,0.050968703,0.573,0.619,0.738,0.721,0.602,0.653,0.13,0.062,0.937,0.795,0.432,0.068,0.63,0.704,0.454,0.619,Second Highest,Second Highest,Middle,Second Highest,005201,5201,52.01,Census Tract 52.01,In Seattle,0.62575,0.6615,0.439571429,0.596,1599,3898,982,3898,244,3569,910,2641,901,3784,171,3355,7536632.47616577,14175.9240541894
206,53033005306,49.5,0.7112,0.1746,0.4114,0.5782,0.3723,0.172,0.033,0.188,0.212,0.121,86.25,0.077146172,0.937,0.903,0.948,0.977,0.664,0.852,0.022,0.13,0.977,0.971,0.233,0.306,0.954,0.863,0.59,0.84,Highest Equity Priority,Highest Equity Priority/Most Disadvantaged,Middle,Highest Equity Priority,005306,5306,53.06,Census Tract 53.06,In Seattle,0.93125,0.8205,0.498714286,0.802333333,2229,3134,1435,3134,609,3488,605,1625,1934,3345,266,3448,2157906.05783081,5954.87262312139
207,53033006100,274.5,0.2663,0.0344,0.1181,0.1462,0.1726,0.089,0.044,0.19,0.123,0.089,84.04,0.072277228,0.221,0.375,0.289,0.448,0.096,0.085,0.272,0.193,0.318,0.187,0.461,0.244,0.255,0.244,0.125,0.153,Second Lowest,Second Lowest,Lowest,Lowest,006100,6100,61,Census Tract 61,In Seattle,0.2765,0.272,0.251428571,0.208,1509,5667,668,5667,188,5473,830,4808,827,5658,365,5050,11959194.0352173,21477.2649569391
208,53033006200,548.2,0.2348,0.0274,0.0933,0.0895,0.1678,0.086,0.054,0.192,0.106,0.086,86.8,0.075791855,0.113,0.284,0.136,0.142,0.079,0.062,0.448,0.215,0.022,0.051,0.143,0.278,0.125,0.039,0.022,0.011,Lowest,Lowest,Lowest,Lowest,006200,6200,62,Census Tract 62,In Seattle,0.1615,0.1105,0.174142857,0.062,957,4075,398,4075,111,4053,547,3260,376,4203,268,3536,23879450.3434448,34025.2170955197
209,53033006702,75.3,0.4576,0.0794,0.2957,0.1448,0.1777,0.083,0.036,0.181,0.122,0.087,87.75,0.128834356,0.676,0.681,0.812,0.431,0.107,0.028,0.062,0.028,0.255,0.073,0.091,0.738,0.727,0.238,0.034,0.329,Second Highest,Second Lowest,Lowest,Second Lowest,006702,6702,67.02,Census Tract 67.02,In Seattle,0.71125,0.269,0.182142857,0.333,1490,3256,864,3256,226,2845,450,2532,423,2922,357,2771,3280147.99505615,8593.86490466402
210,53033006900,223.6,0.2316,0.0022,0.135,0.0901,0.2485,0.088,0.047,0.197,0.118,0.089,85.59,0.072718027,0.102,0.022,0.369,0.147,0.318,0.073,0.312,0.329,0.21,0.187,0.302,0.261,0.107,0.176,0.113,0.045,Lowest,Lowest,Lowest,Lowest,006900,6900,69,Census Tract 69,In Seattle,0.14875,0.2325,0.239142857,0.132,1088,4698,661,4698,10,4593,897,3609,438,4859,286,3933,9742176.64974976,15666.5439544489
211,53033007201,37.2,0.5648,0.14,0.4337,0.3205,0.193,0.091,0.036,0.182,0.128,0.089,89.08,0.088670898,0.823,0.869,0.96,0.863,0.147,0.125,0.062,0.045,0.511,0.187,0.029,0.414,0.886,0.511,0.062,0.505,Highest Equity Priority,Middle,Lowest,Middle,007201,7201,72.01,Census Tract 72.01,In Seattle,0.86875,0.505,0.196142857,0.486333333,2624,4646,2256,4646,728,5200,935,4845,1667,5202,461,5199,1622558.90014648,5873.21651063118
212,53033007301,62,0.5931,0.0632,0.3205,0.2513,0.3658,0.11,0.054,0.209,0.125,0.089,79.56,0.056057186,0.84,0.579,0.846,0.738,0.647,0.477,0.448,0.607,0.386,0.187,0.87,0.113,0.806,0.732,0.46,0.687,Highest Equity Priority,Second Highest,Middle,Second Highest,007301,7301,73.01,Census Tract 73.01,In Seattle,0.77625,0.6925,0.441142857,0.666,2216,3736,852,3736,168,2658,703,1922,668,2658,149,2658,2699344.10800171,7422.61069281732
213,53033007303,77.5,0.5348,0.0896,0.4511,0.1477,0.1872,0.11,0.054,0.209,0.125,0.089,79.56,0.153598713,0.789,0.75,0.965,0.471,0.13,0.477,0.448,0.607,0.386,0.187,0.87,0.852,0.823,0.272,0.653,0.607,Highest Equity Priority,Second Lowest,Second Highest,Second Highest,007303,7303,73.03,Census Tract 73.03,In Seattle,0.82325,0.3005,0.546714286,0.582666667,2075,3880,1218,3880,239,2668,429,2292,385,2606,382,2487,3374596.39297485,7984.8635220016
214,53033007406,37.3,0.3874,0.0348,0.2647,0.2589,0.2702,0.114,0.039,0.22,0.151,0.096,74.91,0.178541839,0.528,0.38,0.767,0.75,0.38,0.568,0.13,0.795,0.92,0.732,1,0.903,0.573,0.585,0.823,0.676,Middle,Middle,Highest Equity Priority/Most Disadvantaged,Second Highest,007406,7406,74.06,Census Tract 74.06,In Seattle,0.55075,0.565,0.721142857,0.660333333,1003,2589,639,2589,84,2414,555,2054,625,2414,431,2414,1623443.82727051,6764.47724113569
215,53033007501,73.7,0.3231,0.016,0.1817,0.2875,0.3126,0.093,0.038,0.203,0.134,0.091,86.6,0.171209315,0.403,0.147,0.534,0.823,0.494,0.176,0.107,0.465,0.727,0.437,0.177,0.886,0.363,0.698,0.431,0.517,Second Lowest,Second Highest,Middle,Middle,007501,7501,75.01,Census Tract 75.01,In Seattle,0.37175,0.6585,0.425,0.497333333,1265,3915,755,3915,65,4057,1093,3497,1195,4156,647,3779,3210519.93667603,7219.62364177495
216,53033008002,57.9,0.4284,0.0449,0.3253,0.2524,0.3148,0.124,0.071,0.228,0.128,0.093,75.42,0.146960759,0.625,0.46,0.863,0.744,0.517,0.63,0.778,0.84,0.511,0.636,0.978,0.84,0.659,0.664,0.84,0.75,Second Highest,Second Highest,Highest Equity Priority/Most Disadvantaged,Second Highest,008002,8002,80.02,Census Tract 80.02,In Seattle,0.64325,0.6305,0.744714286,0.721,1893,4419,1307,4419,180,4008,1129,3586,1014,4018,573,3899,2522029.80831909,7998.38246587686
217,53033008900,314.6,0.4834,0.1268,0.281,0.1418,0.3484,0.137,0.074,0.243,0.133,0.1,81.03,0.072654941,0.727,0.823,0.784,0.42,0.613,0.698,0.789,0.926,0.704,0.863,0.802,0.25,0.801,0.522,0.818,0.738,Highest Equity Priority,Middle,Highest Equity Priority/Most Disadvantaged,Second Highest,008900,8900,89,Census Tract 89,In Seattle,0.76525,0.5165,0.718857143,0.713666667,2719,5625,1687,5625,733,5779,1598,4587,839,5916,347,4776,13704601.1139526,19854.8449274245
218,53033009500,629.5,0.4519,0.064,0.1534,0.1482,0.3495,0.13,0.077,0.219,0.117,0.092,83.55,0.099447514,0.67,0.59,0.426,0.477,0.619,0.681,0.835,0.772,0.159,0.551,0.535,0.528,0.619,0.573,0.676,0.636,Second Highest,Middle,Second Highest,Second Highest,009500,9500,95,Census Tract 95,In Seattle,0.589,0.548,0.580142857,0.622666667,3049,6747,1064,6747,417,6512,1796,5139,1024,6908,540,5430,27419127.9670715,29453.1657988713
219,53033009801,248.3,0.2298,0.0252,0.0369,0.125,0.3571,0.105,0.054,0.213,0.123,0.092,86.59,0.126471705,0.096,0.267,0.011,0.323,0.642,0.392,0.448,0.687,0.318,0.551,0.188,0.721,0.056,0.477,0.522,0.346,Lowest,Middle,Middle,Second Lowest,009801,9801,98.01,Census Tract 98.01,In Seattle,0.1175,0.4825,0.472142857,0.351666667,884,3846,122,3846,79,3133,868,2431,413,3305,333,2633,10814248.9397736,13291.5490832837
220,53033010301,247.8,0.6236,0.1619,0.2461,0.3202,0.5036,0.174,0.091,0.246,0.131,0.097,81.56,0.072174739,0.886,0.886,0.71,0.857,0.857,0.886,0.897,0.943,0.659,0.755,0.722,0.238,0.846,0.903,0.829,0.903,Highest Equity Priority,Highest Equity Priority/Most Disadvantaged,Highest Equity Priority/Most Disadvantaged,Highest Equity Priority,010301,10301,103.01,Census Tract 103.01,In Seattle,0.842,0.857,0.728571429,0.859333333,2401,3850,1069,3850,628,3880,1541,3060,1363,4257,228,3159,10792262.4647369,16924.3685147356
221,53033010501,183.4,0.3384,0.0357,0.2035,0.1697,0.3412,0.113,0.058,0.201,0.12,0.091,84.82,0.109637489,0.437,0.397,0.653,0.573,0.59,0.545,0.545,0.397,0.238,0.437,0.415,0.653,0.511,0.619,0.494,0.573,Middle,Second Highest,Middle,Middle,010501,10501,105.01,Census Tract 105.01,In Seattle,0.481,0.5815,0.461428571,0.541333333,1617,4778,846,4778,139,3891,1136,3329,676,3984,372,3393,7986746.71530151,12490.0968039302
222,53033010601,269.1,0.2749,0.0537,0.1194,0.0747,0.3732,0.111,0.058,0.213,0.124,0.093,86.77,0.115495166,0.244,0.528,0.295,0.107,0.67,0.505,0.545,0.687,0.357,0.636,0.154,0.676,0.323,0.397,0.613,0.448,Second Lowest,Second Lowest,Second Highest,Middle,010601,10601,106.01,Census Tract 106.01,In Seattle,0.32775,0.3885,0.508571429,0.444333333,1120,4074,537,4074,223,4155,1377,3690,336,4498,442,3827,11724162.3238525,14458.8369486854
223,53033011101,280.9,0.7825,0.2445,0.3483,0.2765,0.655,0.217,0.11,0.216,0.127,0.092,81.23,0.163583686,0.971,0.948,0.897,0.806,0.96,0.954,0.96,0.738,0.465,0.551,0.768,0.875,0.96,0.92,0.857,0.948,Highest Equity Priority,Highest Equity Priority/Most Disadvantaged,Highest Equity Priority/Most Disadvantaged,Highest Equity Priority,011101,11101,111.01,Census Tract 111.01,In Seattle,0.94675,0.883,0.758714286,0.912333333,4497,5747,1846,5747,1259,5150,2686,4101,1454,5259,734,4487,12236718.0848083,15552.074349374
224,53033011102,321.4,0.5967,0.1305,0.2026,0.2271,0.4433,0.153,0.084,0.206,0.113,0.086,78.12,0.067663643,0.846,0.84,0.647,0.693,0.778,0.784,0.869,0.545,0.085,0.051,0.955,0.193,0.812,0.767,0.585,0.755,Highest Equity Priority,Second Highest,Middle,Second Highest,011102,11102,111.02,Census Tract 111.02,In Seattle,0.79475,0.7355,0.497428571,0.721333333,2776,4652,1108,4652,661,5065,1817,4099,1200,5284,276,4079,13999021.7532654,20509.7781360594
225,53033011300,855.3,0.4929,0.1061,0.1997,0.234,0.5471,0.163,0.074,0.23,0.143,0.097,79.24,0.124285996,0.744,0.801,0.636,0.71,0.897,0.829,0.789,0.852,0.852,0.755,0.893,0.704,0.761,0.835,0.909,0.875,Second Highest,Highest Equity Priority/Most Disadvantaged,Highest Equity Priority/Most Disadvantaged,Highest Equity Priority,011300,11300,113,Census Tract 113,In Seattle,0.73125,0.8035,0.810571429,0.835,3253,6600,1263,6600,627,5908,2636,4818,1478,6316,631,5077,37259033.8860626,27177.7501082687
226,53033011902,382.4,0.6325,0.1362,0.3373,0.282,0.6369,0.192,0.103,0.237,0.132,0.097,81.13,0.132358751,0.897,0.846,0.886,0.812,0.948,0.914,0.943,0.892,0.687,0.755,0.785,0.767,0.914,0.914,0.937,0.96,Highest Equity Priority,Highest Equity Priority/Most Disadvantaged,Highest Equity Priority/Most Disadvantaged,Highest Equity Priority,011902,11902,119.02,Census Tract 119.02,In Seattle,0.8815,0.88,0.820428571,0.921666667,2447,3869,1066,3869,406,2981,1598,2509,891,3160,335,2531,16658358.9286346,25506.4003381508
263,53033001702,316.3,0.3334,0.0583,0.1916,0.1323,0.4162,0.118,0.058,0.209,0.129,0.092,76.87,0.108463808,0.431,0.562,0.585,0.357,0.732,0.613,0.545,0.607,0.573,0.551,0.961,0.636,0.534,0.568,0.732,0.63,Middle,Middle,Second Highest,Second Highest,001702,1702,17.02,Census Tract 17.02,In Seattle,0.50225,0.5445,0.640857143,0.611333333,1776,5327,1006,5327,285,4886,1797,4318,680,5141,478,4407,13779275.7612915,17476.4075143477
264,53033003301,165.4,0.2949,0.0145,0.1551,0.1377,0.2354,0.089,0.04,0.201,0.127,0.09,88.6,0.10909549,0.306,0.136,0.454,0.386,0.272,0.085,0.164,0.397,0.465,0.346,0.046,0.647,0.289,0.318,0.215,0.278,Second Lowest,Second Lowest,Second Lowest,Second Lowest,003301,3301,33.01,Census Tract 33.01,In Seattle,0.3005,0.329,0.307142857,0.274,1283,4351,732,4351,65,4486,870,3696,650,4721,433,3969,7202858.49356079,11177.1813262219
265,53033003800,154.3,0.3528,0.043,0.1165,0.1189,0.1725,0.104,0.058,0.199,0.116,0.089,86.25,0.05797845,0.477,0.437,0.261,0.289,0.09,0.38,0.545,0.375,0.136,0.187,0.233,0.142,0.403,0.119,0.181,0.198,Middle,Lowest,Lowest,Lowest,003800,3800,38,Census Tract 38,In Seattle,0.413,0.1895,0.285428571,0.234333333,871,2469,289,2469,103,2393,305,1768,293,2464,113,1949,6722791.394104,10392.5315540704
266,53033004201,307.4,0.3125,0.0274,0.1013,0.0466,0.2181,0.093,0.052,0.191,0.114,0.088,85.71,0.098230408,0.375,0.284,0.17,0.017,0.221,0.176,0.392,0.198,0.107,0.159,0.29,0.494,0.295,0.056,0.13,0.079,Second Lowest,Lowest,Lowest,Lowest,004201,4201,42.01,Census Tract 42.01,In Seattle,0.301,0.119,0.259428571,0.160333333,1237,3959,366,3959,92,3355,549,2517,168,3605,272,2769,13390664.2677917,18286.1439211148
267,53033004301,242,0.3447,0.0313,0.1701,0.3108,0.2197,0.119,0.054,0.202,0.141,0.098,85.55,0.051628552,0.454,0.34,0.494,0.846,0.227,0.619,0.448,0.443,0.812,0.795,0.313,0.073,0.443,0.556,0.596,0.568,Middle,Middle,Middle,Middle,004301,4301,43.01,Census Tract 43.01,In Seattle,0.4355,0.5365,0.500428571,0.531666667,1359,3943,626,3943,106,3382,472,2148,1098,3533,149,2886,10539780.572876,17192.7037498456
268,53033004901,122.8,0.2582,0.0168,0.0999,0.1637,0.2661,0.085,0.034,0.189,0.133,0.091,78.87,0.067213115,0.204,0.153,0.164,0.551,0.363,0.045,0.039,0.176,0.704,0.437,0.904,0.187,0.142,0.448,0.289,0.295,Lowest,Middle,Second Lowest,Second Lowest,004901,4901,49.01,Census Tract 49.01,In Seattle,0.18125,0.457,0.356,0.293,993,3846,412,3846,67,3979,805,3025,648,3959,246,3660,5350888.21582031,9379.65576683294
269,53033005000,187.1,0.2901,0.0137,0.0812,0.1317,0.223,0.095,0.038,0.189,0.133,0.092,81.86,0.053890641,0.289,0.119,0.073,0.352,0.244,0.232,0.107,0.176,0.704,0.551,0.694,0.09,0.176,0.267,0.323,0.227,Lowest,Second Lowest,Second Lowest,Second Lowest,005000,5000,50,Census Tract 50,In Seattle,0.1925,0.298,0.364857143,0.255333333,1312,4523,354,4523,58,4228,777,3485,574,4357,205,3804,8151942.29473877,11560.1480115076
270,53033005801,450.4,0.3296,0.028,0.2023,0.1153,0.2446,0.099,0.048,0.202,0.128,0.092,86.43,0.05829435,0.42,0.306,0.642,0.261,0.301,0.312,0.34,0.443,0.511,0.551,0.199,0.147,0.448,0.25,0.295,0.323,Middle,Second Lowest,Second Lowest,Second Lowest,005801,5801,58.01,Census Tract 58.01,In Seattle,0.447,0.281,0.357571429,0.331,2016,6116,1272,6116,169,6029,1290,5273,723,6273,324,5558,19618424.6337585,25500.0146734148
271,53033007002,109,0.3135,0.0192,0.1163,0.1624,0.3154,0.102,0.047,0.196,0.13,0.092,83.76,0.112979351,0.38,0.187,0.25,0.539,0.522,0.357,0.312,0.289,0.642,0.551,0.512,0.67,0.284,0.545,0.545,0.471,Second Lowest,Middle,Middle,Middle,007002,7002,70.02,Census Tract 70.02,In Seattle,0.29925,0.5305,0.476142857,0.458,1248,3981,411,3981,67,3492,970,3075,574,3534,383,3390,4746869.84533691,9490.79905735624
272,53033007101,122.3,0.4464,0.0291,0.1958,0.1499,0.3264,0.091,0.039,0.198,0.128,0.088,85.49,0.094814815,0.659,0.318,0.602,0.488,0.551,0.125,0.13,0.335,0.511,0.159,0.324,0.477,0.596,0.534,0.204,0.454,Middle,Middle,Second Lowest,Middle,007101,7101,71.01,Census Tract 71.01,In Seattle,0.5595,0.5195,0.294428571,0.444666667,1438,3221,545,3221,79,2713,827,2534,415,2768,256,2700,5328474.60675049,9004.94722651786
273,53033007102,83,0.4269,0.0063,0.3625,0.1631,0.2899,0.091,0.039,0.198,0.128,0.088,85.49,0.086682427,0.619,0.051,0.914,0.545,0.443,0.125,0.13,0.335,0.511,0.159,0.324,0.386,0.573,0.5,0.164,0.403,Middle,Middle,Lowest,Middle,007102,7102,71.02,Census Tract 71.02,In Seattle,0.55075,0.494,0.281428571,0.412333333,1136,2661,920,2661,16,2538,646,2228,414,2538,220,2538,3615500.89794922,11499.9407456677
274,53033007902,106.6,0.4305,0.0349,0.1554,0.2604,0.3131,0.109,0.051,0.214,0.134,0.095,81.91,0.101130461,0.636,0.392,0.46,0.755,0.5,0.46,0.369,0.71,0.727,0.71,0.688,0.551,0.556,0.653,0.704,0.647,Middle,Second Highest,Second Highest,Second Highest,007902,7902,79.02,Census Tract 79.02,In Seattle,0.531,0.6275,0.602142857,0.637666667,1585,3682,590,3682,129,3692,902,2881,986,3786,331,3273,4641637.79995728,9715.12087740222
275,53033009100,101.5,0.7789,0.4144,0.5412,0.4761,0.6359,0.286,0.156,0.185,0.117,0.083,88.43,0.295336788,0.965,1,1,0.948,0.943,0.988,1,0.073,0.159,0.011,0.057,0.994,0.988,0.971,0.5,0.863,Highest Equity Priority,Highest Equity Priority/Most Disadvantaged,Middle,Highest Equity Priority,009100,9100,91,Census Tract 91,In Seattle,0.9825,0.9455,0.468857143,0.819666667,2286,2935,1465,2935,1108,2674,1544,2428,1274,2676,741,2509,4419685.26571655,10608.3854115204
276,53033010302,156.2,0.4789,0.0253,0.1177,0.1367,0.1787,0.174,0.091,0.246,0.131,0.097,81.56,0.083152567,0.71,0.272,0.284,0.38,0.113,0.886,0.897,0.943,0.659,0.755,0.722,0.363,0.528,0.198,0.846,0.551,Middle,Lowest,Highest Equity Priority/Most Disadvantaged,Middle,010302,10302,103.02,Census Tract 103.02,In Seattle,0.494,0.2465,0.746428571,0.524,1804,3767,359,3767,75,2962,481,2692,417,3051,230,2766,6804418.7505188,11267.2532000815
277,53033010402,430.7,0.7298,0.2868,0.4203,0.1285,0.6765,0.185,0.089,0.173,0.115,0.078,82.99,0.100415153,0.943,0.971,0.954,0.34,0.965,0.909,0.892,0.011,0.13,0,0.552,0.539,0.965,0.687,0.443,0.715,Highest Equity Priority,Second Highest,Middle,Second Highest,010402,10402,104.02,Census Tract 104.02,In Seattle,0.95275,0.6525,0.433285714,0.698333333,3720,5097,2032,5097,1308,4561,2432,3595,617,4802,387,3854,18759692.8947601,18925.043006626
278,53033010702,192.8,0.6638,0.1759,0.2616,0.4844,0.5043,0.219,0.098,0.293,0.171,0.122,76.26,0.09098966,0.914,0.909,0.75,0.954,0.863,0.96,0.926,1,0.96,0.988,0.966,0.431,0.903,0.954,0.977,0.971,Highest Equity Priority,Highest Equity Priority/Most Disadvantaged,Highest Equity Priority/Most Disadvantaged,Highest Equity Priority,010702,10702,107.02,Census Tract 107.02,In Seattle,0.87175,0.9085,0.890142857,0.944666667,3011,4536,1266,4536,768,4367,1542,3058,2328,4806,308,3385,8396926.79298401,14935.9302412472
315,53033001202,203,0.4876,0.0665,0.1791,0.2955,0.4119,0.157,0.07,0.219,0.14,0.098,84.03,0.102100995,0.738,0.607,0.517,0.835,0.727,0.806,0.75,0.772,0.795,0.795,0.466,0.573,0.664,0.823,0.812,0.812,Second Highest,Highest Equity Priority/Most Disadvantaged,Highest Equity Priority/Most Disadvantaged,Highest Equity Priority,001202,1202,12.02,Census Tract 12.02,In Seattle,0.65,0.781,0.708142857,0.766333333,1892,3880,579,3880,207,3112,898,2180,955,3232,277,2713,8841145.90771484,13324.990092597
316,53033001400,529.7,0.2952,0.0192,0.0946,0.138,0.3388,0.113,0.057,0.214,0.127,0.093,81.52,0.09461326,0.312,0.187,0.153,0.397,0.585,0.545,0.539,0.71,0.465,0.636,0.728,0.471,0.232,0.494,0.687,0.494,Second Lowest,Middle,Second Highest,Middle,001400,1400,14,Census Tract 14,In Seattle,0.241,0.491,0.584857143,0.471,1564,5298,491,5298,96,4991,1394,4114,716,5190,411,4344,23073386.7041321,30536.303129633
317,53033001600,472.3,0.2393,0.0194,0.116,0.0614,0.2121,0.106,0.065,0.204,0.11,0.089,85.82,0.063350931,0.125,0.204,0.244,0.062,0.204,0.42,0.653,0.505,0.062,0.187,0.273,0.176,0.136,0.062,0.244,0.062,Lowest,Lowest,Second Lowest,Lowest,001600,1600,16,Census Tract 16,In Seattle,0.1745,0.133,0.325142857,0.147333333,1078,4504,547,4504,86,4422,707,3333,289,4707,228,3599,20575393.1277466,23146.7972659484
318,53033001701,220.6,0.3528,0.0783,0.1098,0.1788,0.4042,0.125,0.053,0.219,0.142,0.097,82.18,0.093842431,0.477,0.664,0.215,0.607,0.721,0.647,0.426,0.772,0.835,0.755,0.671,0.465,0.471,0.715,0.744,0.659,Middle,Second Highest,Second Highest,Second Highest,001701,1701,17.01,Census Tract 17.01,In Seattle,0.45825,0.664,0.653,0.643333333,1500,4252,466,4252,318,4059,1419,3511,759,4244,349,3719,9609026.08456421,17164.4547776577
319,53033002600,307.6,0.2866,0.0365,0.0881,0.1358,0.1649,0.096,0.048,0.205,0.125,0.091,83.92,0.082811748,0.272,0.409,0.113,0.375,0.073,0.255,0.34,0.522,0.386,0.437,0.5,0.357,0.244,0.164,0.375,0.244,Second Lowest,Lowest,Second Lowest,Second Lowest,002600,2600,26,Census Tract 26,In Seattle,0.2665,0.224,0.399571429,0.261,1535,5355,460,5355,180,4933,622,3773,709,5219,344,4154,13398040.1759338,15933.9379001701
320,53033003201,273.8,0.2106,0,0.0375,0.1043,0.3936,0.101,0.054,0.208,0.122,0.091,84.86,0.0710466,0.056,0,0.017,0.198,0.698,0.323,0.448,0.585,0.255,0.437,0.404,0.221,0,0.443,0.346,0.255,Lowest,Middle,Second Lowest,Second Lowest,003201,3201,32.01,Census Tract 32.01,In Seattle,0.03225,0.448,0.381857143,0.263,995,4724,166,4724,0,4248,1461,3712,462,4429,279,3927,11927505.2041931,32047.8061814775
321,53033004800,317.6,0.2433,0.0238,0.1347,0.1119,0.2413,0.09,0.043,0.203,0.126,0.091,90.21,0.07070469,0.159,0.25,0.363,0.232,0.289,0.107,0.261,0.465,0.426,0.437,0.012,0.215,0.221,0.215,0.153,0.136,Second Lowest,Second Lowest,Lowest,Lowest,004800,4800,48,Census Tract 48,In Seattle,0.23275,0.2605,0.274714286,0.196333333,1244,5113,679,5113,114,4797,991,4107,564,5039,300,4243,13833886.428772,18822.2362776355
322,53033005202,65.8,0.6826,0.0716,0.3767,0.4367,0.2258,0.127,0.039,0.184,0.157,0.098,84.75,0.044549443,0.931,0.642,0.943,0.931,0.255,0.653,0.13,0.062,0.937,0.795,0.432,0.039,0.869,0.625,0.448,0.664,Highest Equity Priority,Second Highest,Middle,Second Highest,005202,5202,52.02,Census Tract 52.02,In Seattle,0.86175,0.593,0.435428571,0.647333333,2454,3595,1131,3595,213,2973,305,1351,1311,3002,132,2963,2865193.63525391,7845.3025244721
323,53033006000,325,0.3033,0.0141,0.1346,0.1387,0.3241,0.102,0.051,0.198,0.13,0.094,80.97,0.02702199,0.352,0.13,0.357,0.409,0.539,0.357,0.369,0.335,0.642,0.681,0.807,0.005,0.278,0.465,0.482,0.392,Second Lowest,Middle,Middle,Second Lowest,006000,6000,60,Census Tract 60,In Seattle,0.29775,0.474,0.456571429,0.408333333,1838,6061,832,6061,83,5886,1608,4962,827,5964,145,5366,14158765.6583862,19123.0334017314
324,53033007302,77.3,0.5395,0.0275,0.3318,0.147,0.2276,0.11,0.054,0.209,0.125,0.089,79.56,0.081112132,0.795,0.295,0.875,0.46,0.261,0.477,0.448,0.607,0.386,0.187,0.87,0.34,0.698,0.346,0.534,0.556,Second Highest,Second Lowest,Middle,Middle,007302,7302,73.02,Census Tract 73.02,In Seattle,0.69,0.3605,0.473571429,0.526,2854,5290,1555,5290,123,4479,925,4064,687,4673,353,4352,3368769.26535034,7802.42635391136
325,53033008003,48.7,0.4822,0.0629,0.3616,0.146,0.2593,0.093,0.044,0.193,0.116,0.083,85.04,0.136023916,0.721,0.573,0.903,0.443,0.329,0.176,0.272,0.227,0.136,0.011,0.387,0.784,0.755,0.386,0.176,0.437,Second Highest,Second Lowest,Lowest,Middle,008003,8003,80.03,Census Tract 80.03,In Seattle,0.7295,0.386,0.284714286,0.439,1986,4119,1484,4119,257,4084,999,3852,599,4104,546,4014,2122043.71121216,8720.99942149516
326,53033008700,181,0.468,0.0337,0.123,0.2715,0.3895,0.145,0.07,0.245,0.145,0.102,84.02,0.093578895,0.693,0.369,0.301,0.789,0.693,0.744,0.75,0.937,0.869,0.909,0.472,0.46,0.545,0.772,0.835,0.744,Middle,Second Highest,Highest Equity Priority/Most Disadvantaged,Second Highest,008700,8700,87,Census Tract 87,In Seattle,0.514,0.741,0.734428571,0.717333333,1986,4244,574,4244,153,4543,1331,3417,1241,4571,376,4018,7883013.16952515,11432.3842123546
327,53033009300,2345.5,0.5021,0.1056,0.1984,0.2168,0.4164,0.143,0.077,0.221,0.123,0.087,85.89,0.124163569,0.761,0.795,0.63,0.676,0.738,0.732,0.835,0.812,0.318,0.073,0.268,0.698,0.778,0.75,0.636,0.755,Second Highest,Second Highest,Second Highest,Second Highest,009300,9300,93,Census Tract 93,In Seattle,0.73675,0.707,0.533714286,0.721333333,1813,3611,592,3611,306,2898,1059,2543,617,2846,334,2690,102171583.514008,53946.3759930432
328,53033010502,241.1,0.2578,0.0037,0.0762,0.1709,0.4036,0.113,0.058,0.201,0.12,0.091,84.82,0.125571646,0.193,0.028,0.062,0.585,0.715,0.545,0.545,0.397,0.238,0.437,0.415,0.71,0.068,0.67,0.505,0.409,Lowest,Second Highest,Middle,Middle,010502,10502,105.02,Census Tract 105.02,In Seattle,0.119,0.65,0.469571429,0.414333333,1365,5294,446,5294,21,5653,2026,5020,1000,5853,659,5248,10504351.3418579,14546.1362418813
329,53033011200,610.2,0.6622,0.2376,0.2891,0.398,0.7123,0.225,0.097,0.276,0.155,0.101,76.22,0.158280922,0.909,0.943,0.795,0.914,0.977,0.971,0.92,0.988,0.931,0.892,0.972,0.863,0.926,0.971,0.994,0.982,Highest Equity Priority,Highest Equity Priority/Most Disadvantaged,Highest Equity Priority/Most Disadvantaged,Highest Equity Priority,011200,11200,112,Census Tract 112,In Seattle,0.889,0.9455,0.933857143,0.963666667,2474,3736,1102,3736,859,3616,1926,2704,1491,3746,453,2862,26581538.6726532,27388.5386798393
330,53033011602,388.5,0.2005,0.0507,0.0541,0.057,0.3095,0.111,0.065,0.209,0.113,0.09,83.92,0.070201643,0.034,0.511,0.028,0.045,0.477,0.505,0.653,0.607,0.085,0.346,0.5,0.21,0.113,0.227,0.414,0.215,Lowest,Second Lowest,Middle,Second Lowest,011602,11602,116.02,Census Tract 116.02,In Seattle,0.15175,0.261,0.415142857,0.251333333,666,3321,186,3321,161,3175,787,2543,195,3419,188,2678,16924170.6064758,24703.9086025602
331,53033012100,422.3,0.222,0.0319,0.0904,0.0578,0.3014,0.111,0.069,0.204,0.109,0.089,82.88,0.134197131,0.085,0.352,0.119,0.051,0.46,0.505,0.738,0.505,0.051,0.187,0.58,0.778,0.119,0.21,0.551,0.301,Lowest,Second Lowest,Middle,Second Lowest,012100,12100,121,Census Tract 121,In Seattle,0.16025,0.2555,0.477714286,0.293333333,620,2793,251,2793,85,2668,636,2110,160,2766,290,2161,18395142.8425751,25850.3219673516
372,53033000800,282.2,0.3023,0.0502,0.106,0.121,0.2885,0.116,0.067,0.205,0.117,0.091,81.33,0.101488498,0.346,0.505,0.193,0.301,0.437,0.602,0.704,0.522,0.159,0.437,0.75,0.556,0.34,0.352,0.63,0.443,Second Lowest,Second Lowest,Second Highest,Middle,000800,800,8,Census Tract 8,In Seattle,0.3475,0.369,0.532857143,0.440666667,814,2693,288,2693,131,2607,579,2007,323,2670,225,2217,12290810.0240784,15312.0874645979
373,53033000900,230.4,0.3006,0.0801,0.1852,0.0832,0.1943,0.106,0.068,0.194,0.104,0.085,84.49,0.103815937,0.34,0.693,0.556,0.13,0.153,0.42,0.721,0.267,0.011,0.039,0.444,0.602,0.522,0.068,0.301,0.306,Middle,Lowest,Second Lowest,Second Lowest,000900,900,9,Census Tract 9,In Seattle,0.48225,0.1415,0.357714286,0.297,624,2076,391,2076,162,2022,332,1709,174,2092,185,1782,10035462.6717529,20870.7428387539
374,53033001300,291.8,0.4867,0.1367,0.2038,0.2848,0.4511,0.139,0.058,0.216,0.143,0.096,81.45,0.085086268,0.732,0.857,0.664,0.818,0.801,0.721,0.545,0.738,0.852,0.732,0.733,0.369,0.795,0.852,0.778,0.852,Second Highest,Highest Equity Priority/Most Disadvantaged,Second Highest,Highest Equity Priority,001300,1300,13,Census Tract 13,In Seattle,0.74625,0.8095,0.67,0.808333333,2475,5085,974,5085,606,4432,1724,3822,1341,4709,360,4231,12710036.9899597,14881.0870453395
375,53033001900,412,0.3452,0.0478,0.1519,0.1529,0.2904,0.108,0.051,0.196,0.125,0.09,79.42,0.13084778,0.46,0.477,0.42,0.494,0.448,0.448,0.369,0.289,0.386,0.346,0.875,0.761,0.46,0.46,0.573,0.528,Middle,Middle,Middle,Middle,001900,1900,19,Census Tract 19,In Seattle,0.45425,0.471,0.496285714,0.497666667,1712,4959,753,4959,226,4731,1113,3833,757,4950,551,4211,17945171.5238037,18948.4812689133
376,53033002800,244.2,0.2419,0.0465,0.0878,0.0773,0.3145,0.088,0.041,0.2,0.125,0.09,85.92,0.069267317,0.147,0.465,0.107,0.113,0.511,0.073,0.198,0.386,0.386,0.346,0.245,0.198,0.198,0.295,0.136,0.159,Lowest,Second Lowest,Lowest,Lowest,002800,2800,28,Census Tract 28,In Seattle,0.2165,0.312,0.261714286,0.209666667,1199,4956,422,4956,210,4514,1218,3873,363,4695,277,3999,10637151.8219299,13201.3112979864
377,53033003000,369,0.2329,0.0485,0.1472,0.1141,0.2632,0.096,0.048,0.206,0.123,0.09,85.12,0.056797583,0.107,0.482,0.409,0.25,0.352,0.255,0.34,0.545,0.318,0.346,0.37,0.13,0.25,0.284,0.25,0.25,Second Lowest,Second Lowest,Second Lowest,Second Lowest,003000,3000,30,Census Tract 30,In Seattle,0.27625,0.301,0.329142857,0.261333333,1512,6493,934,6493,295,6078,1215,4616,723,6335,282,4965,16072222.0090332,16061.9476208421
378,53033003500,317.4,0.1964,0.019,0.0825,0.1563,0.22,0.095,0.053,0.203,0.117,0.09,85.12,0.097042779,0.022,0.17,0.085,0.517,0.232,0.232,0.426,0.465,0.159,0.346,0.37,0.488,0.022,0.357,0.284,0.181,Lowest,Second Lowest,Second Lowest,Lowest,003500,3500,35,Census Tract 35,In Seattle,0.07475,0.3745,0.355142857,0.221,827,4210,351,4210,78,4098,730,3318,656,4197,338,3483,13828061.6664124,16634.3489620747
379,53033004401,171.7,0.311,0.0276,0.1819,0.3042,0.2435,0.124,0.041,0.196,0.167,0.106,92.14,0.089621278,0.369,0.301,0.545,0.84,0.295,0.63,0.198,0.289,0.948,0.943,0.006,0.426,0.386,0.596,0.568,0.545,Second Lowest,Middle,Middle,Middle,004401,4401,44.01,Census Tract 44.01,In Seattle,0.396,0.5675,0.491428571,0.516666667,1185,3810,699,3810,105,3803,519,2131,1105,3632,310,3459,7479571.76150513,12948.9751357924
380,53033004703,299.2,0.3186,0.0492,0.185,0.12,0.2631,0.091,0.04,0.193,0.126,0.089,87.08,0.027504343,0.397,0.488,0.551,0.295,0.346,0.125,0.164,0.227,0.426,0.187,0.12,0.011,0.477,0.301,0.028,0.272,Middle,Second Lowest,Lowest,Second Lowest,004703,4703,47.03,Census Tract 47.03,In Seattle,0.45825,0.3205,0.18,0.268666667,1158,3635,709,3635,181,3682,785,2984,460,3833,95,3454,13030979.0467834,18812.5715375261
381,53033005303,562.2,0.5584,0.1434,0.2949,0.5577,0.4892,0.172,0.016,0.161,0.233,0.126,86.25,0.045095829,0.812,0.875,0.806,0.971,0.823,0.852,0,0,0.994,0.994,0.233,0.045,0.829,0.943,0.465,0.795,Highest Equity Priority,Highest Equity Priority/Most Disadvantaged,Middle,Second Highest,005303,5303,53.03,Census Tract 53.03,In Seattle,0.82625,0.897,0.445428571,0.745666667,2965,5310,1090,5310,530,3696,68,139,29,52,160,3548,24491418.9072876,28840.2134386074
382,53033005901,194,0.3524,0.0213,0.1171,0.2353,0.1638,0.097,0.041,0.188,0.149,0.101,86.81,0.080517423,0.471,0.227,0.278,0.715,0.056,0.272,0.198,0.13,0.886,0.892,0.137,0.335,0.357,0.375,0.392,0.363,Second Lowest,Second Lowest,Second Lowest,Second Lowest,005901,5901,59.01,Census Tract 59.01,In Seattle,0.36175,0.3855,0.407142857,0.374666667,1258,3570,471,3570,84,3940,319,1947,646,2745,305,3788,8449087.22845459,19075.29351117
383,53033006500,283.6,0.2457,0.01,0.1252,0.1277,0.1609,0.089,0.044,0.196,0.123,0.089,83.53,0.076975632,0.164,0.096,0.318,0.335,0.051,0.085,0.272,0.289,0.318,0.187,0.54,0.301,0.153,0.136,0.17,0.068,Lowest,Lowest,Lowest,Lowest,006500,6500,65,Census Tract 65,In Seattle,0.1855,0.193,0.284571429,0.153,1148,4672,603,4672,47,4678,664,4127,615,4815,338,4391,12352257.756134,17921.5013322165
384,53033006800,177.4,0.2415,0.0131,0.1578,0.0505,0.1641,0.082,0.045,0.188,0.113,0.087,82.2,0.106342575,0.142,0.113,0.465,0.022,0.062,0.022,0.295,0.13,0.085,0.073,0.654,0.625,0.193,0.011,0.147,0.039,Lowest,Lowest,Lowest,Lowest,006800,6800,68,Census Tract 68,In Seattle,0.2155,0.042,0.269142857,0.117,807,3341,522,3341,42,3198,398,2425,167,3307,280,2633,7729250.27154541,11275.3773479613
385,53033007001,88.5,0.2688,0.0093,0.0257,0.1381,0.3118,0.102,0.047,0.196,0.13,0.092,83.76,0.208020773,0.232,0.085,0,0.403,0.488,0.357,0.312,0.289,0.642,0.551,0.512,0.971,0.085,0.431,0.619,0.369,Lowest,Middle,Second Highest,Second Lowest,007001,7001,70.01,Census Tract 70.01,In Seattle,0.13725,0.4455,0.519142857,0.378333333,1010,3757,93,3757,33,3543,1097,3518,490,3547,721,3466,3856290.05020142,9530.30256856249
386,53033007600,141.3,0.3244,0.0657,0.1165,0.1949,0.1843,0.105,0.047,0.214,0.135,0.096,81.72,0.112113088,0.409,0.602,0.261,0.636,0.119,0.392,0.312,0.71,0.772,0.732,0.699,0.659,0.414,0.363,0.715,0.517,Middle,Second Lowest,Second Highest,Middle,007600,7600,76,Census Tract 76,In Seattle,0.42025,0.3775,0.610857143,0.497333333,1409,4344,550,4344,302,4596,651,3533,910,4670,460,4103,6155389.38900757,9906.36833563623
387,53033008200,92.9,0.4486,0.0554,0.3408,0.1466,0.2647,0.111,0.053,0.176,0.114,0.084,86.49,0.12992126,0.664,0.539,0.892,0.454,0.357,0.505,0.426,0.017,0.107,0.028,0.194,0.755,0.693,0.409,0.187,0.426,Second Highest,Middle,Lowest,Middle,008200,8200,82,Census Tract 82,In Seattle,0.68975,0.4055,0.290285714,0.429666667,2154,4802,1439,4802,225,4064,885,3344,619,4223,528,4064,4044773.82577515,9102.14034148976
388,53033008500,111.4,0.5403,0.0727,0.2099,0.2644,0.57,0.16,0.076,0.242,0.134,0.091,75.37,0.187591777,0.801,0.647,0.676,0.778,0.909,0.818,0.829,0.914,0.727,0.437,0.983,0.937,0.761,0.892,0.903,0.892,Second Highest,Highest Equity Priority/Most Disadvantaged,Highest Equity Priority/Most Disadvantaged,Highest Equity Priority,008500,8500,85,Census Tract 85,In Seattle,0.73125,0.8435,0.806428571,0.852,2412,4464,932,4464,321,4415,2118,3716,757,2863,511,2724,4854121.31936646,9025.58161465195
389,53033009200,79.3,0.6085,0.1745,0.313,0.4954,0.6289,0.239,0.137,0.287,0.143,0.1,81.16,0.293323041,0.869,0.897,0.829,0.96,0.937,0.982,0.982,0.994,0.852,0.863,0.773,0.988,0.88,0.982,0.988,0.977,Highest Equity Priority,Highest Equity Priority/Most Disadvantaged,Highest Equity Priority/Most Disadvantaged,Highest Equity Priority,009200,9200,92,Census Tract 92,In Seattle,0.866,0.9485,0.919142857,0.95,2053,3374,853,3374,469,2687,1510,2401,1350,2725,760,2591,3456088.48608398,12687.1215860589
390,53033009900,1612.8,0.37,0.0785,0.1973,0.1951,0.4839,0.115,0.052,0.221,0.134,0.093,81.28,0.078034102,0.511,0.67,0.619,0.642,0.818,0.596,0.392,0.812,0.727,0.636,0.756,0.318,0.607,0.761,0.71,0.704,Second Highest,Second Highest,Second Highest,Second Highest,009900,9900,99,Census Tract 99,In Seattle,0.57775,0.73,0.605285714,0.692666667,2315,6257,1113,6257,417,5312,2287,4726,1101,5642,389,4985,70254375.0998383,64633.4415328562
391,53033011001,267,0.8526,0.3686,0.5174,0.399,0.7141,0.286,0.139,0.248,0.15,0.106,80.74,0.185479981,0.994,0.994,0.994,0.92,0.982,0.988,0.988,0.971,0.903,0.943,0.813,0.931,1,0.988,1,1,Highest Equity Priority,Highest Equity Priority/Most Disadvantaged,Highest Equity Priority/Most Disadvantaged,Highest Equity Priority,011001,11001,110.01,Census Tract 110.01,In Seattle,0.994,0.951,0.933857143,0.996,4084,4790,2667,4790,1782,4835,2640,3697,2057,5155,769,4146,11629041.0735779,16287.3553131882
392,53033011500,380.1,0.2866,0.0496,0.1057,0.1343,0.4406,0.113,0.055,0.215,0.129,0.093,81.67,0.098342231,0.272,0.494,0.187,0.363,0.767,0.545,0.511,0.732,0.573,0.636,0.711,0.5,0.306,0.585,0.698,0.562,Second Lowest,Middle,Second Highest,Middle,011500,11500,115,Census Tract 115,In Seattle,0.30625,0.565,0.601142857,0.529666667,1276,4452,458,4452,202,4076,1517,3443,579,4310,350,3559,16558652.7528534,19887.3089363247
393,53033011601,383.6,0.2512,0.0193,0.0471,0.0829,0.2394,0.111,0.065,0.209,0.113,0.09,83.92,0.075392269,0.17,0.198,0.022,0.125,0.284,0.505,0.653,0.607,0.085,0.346,0.5,0.272,0.09,0.153,0.426,0.187,Lowest,Lowest,Middle,Lowest,011601,11601,116.01,Census Tract 116.01,In Seattle,0.14,0.2045,0.424,0.223,893,3555,153,3555,60,3106,604,2523,261,3148,197,2613,16710842.5788269,20011.965621526
394,53033012000,355.1,0.2581,0.023,0.06,0.0715,0.4441,0.116,0.06,0.216,0.126,0.093,81.37,0.072699735,0.198,0.244,0.039,0.102,0.784,0.602,0.602,0.738,0.426,0.636,0.745,0.255,0.13,0.426,0.67,0.397,Lowest,Middle,Second Highest,Second Lowest,012000,12000,120,Census Tract 120,In Seattle,0.16975,0.443,0.572,0.408666667,919,3560,199,3560,69,2997,1133,2551,237,3317,192,2641,15468128.1951294,16728.8938803861
424,53033000202,365.7,0.4133,0.1389,0.2563,0.1696,0.4299,0.129,0.064,0.201,0.122,0.089,82.84,0.102521474,0.579,0.863,0.732,0.568,0.755,0.67,0.63,0.397,0.255,0.187,0.591,0.579,0.681,0.704,0.528,0.647,Second Highest,Second Highest,Middle,Second Highest,000202,202,2.02,Census Tract 2.02,In Seattle,0.68825,0.6615,0.472714286,0.637666667,1694,4099,1153,4099,563,4053,1434,3336,763,4499,370,3609,15930357.3876648,17285.8533323799
425,53033000500,695.5,0.205,0.0182,0.0867,0.1004,0.2623,0.11,0.071,0.198,0.103,0.087,85.25,0.0864,0.045,0.159,0.102,0.181,0.34,0.477,0.778,0.335,0,0.073,0.358,0.38,0.039,0.215,0.261,0.09,Lowest,Second Lowest,Second Lowest,Lowest,000500,500,5,Census Tract 5,In Seattle,0.08775,0.2605,0.343,0.171666667,697,3400,296,3400,57,3138,643,2451,341,3397,216,2500,30294299.6134033,27088.1129506961
426,53033000601,353.6,0.4661,0.1366,0.1875,0.1155,0.4895,0.145,0.068,0.207,0.131,0.092,82.91,0.137843337,0.687,0.852,0.562,0.267,0.829,0.744,0.721,0.562,0.659,0.551,0.574,0.795,0.704,0.573,0.767,0.698,Second Highest,Middle,Second Highest,Second Highest,000601,601,6.01,Census Tract 6.01,In Seattle,0.697,0.548,0.658,0.681333333,1899,4074,886,4074,588,4304,1708,3489,545,4718,542,3932,15404952.5826111,20078.9564759421
427,53033000602,595.7,0.4793,0.1044,0.1956,0.1248,0.4995,0.145,0.068,0.207,0.131,0.092,82.91,0.166073163,0.715,0.784,0.596,0.318,0.84,0.744,0.721,0.562,0.659,0.551,0.574,0.88,0.71,0.607,0.784,0.721,Second Highest,Second Highest,Second Highest,Second Highest,000602,602,6.02,Census Tract 6.02,In Seattle,0.7025,0.579,0.670142857,0.700333333,1920,4006,752,4006,371,3553,1419,2841,480,3845,513,3089,25947507.8616333,23221.7047501185
428,53033001000,235.8,0.3892,0.0696,0.1797,0.1807,0.3527,0.13,0.065,0.217,0.129,0.095,82.18,0.098887515,0.534,0.625,0.522,0.619,0.636,0.681,0.653,0.767,0.573,0.71,0.671,0.511,0.585,0.653,0.738,0.67,Middle,Second Highest,Second Highest,Second Highest,001000,1000,10,Census Tract 10,In Seattle,0.55375,0.6275,0.652285714,0.658666667,783,2012,370,2012,137,1967,516,1463,372,2059,160,1618,10270271.6851196,13147.0305998092
429,53033001500,282.4,0.1851,0.0195,0.0934,0.098,0.3425,0.11,0.066,0.216,0.117,0.092,88.62,0.133640553,0.005,0.21,0.142,0.176,0.596,0.477,0.693,0.738,0.159,0.551,0.035,0.772,0.045,0.386,0.556,0.318,Lowest,Second Lowest,Middle,Second Lowest,001500,1500,15,Census Tract 15,In Seattle,0.0905,0.386,0.489285714,0.329,496,2679,261,2679,53,2715,771,2251,274,2795,319,2387,12300447.2292175,13960.3791579153
430,53033002100,337.4,0.3432,0.0357,0.1403,0.1105,0.2865,0.105,0.056,0.2,0.118,0.089,82.7,0.071351931,0.443,0.397,0.397,0.221,0.431,0.392,0.517,0.386,0.21,0.187,0.614,0.227,0.409,0.306,0.306,0.335,Middle,Second Lowest,Second Lowest,Second Lowest,002100,2100,21,Census Tract 21,In Seattle,0.42,0.326,0.361857143,0.340333333,1518,4423,647,4423,152,4252,953,3326,505,4570,266,3728,14696796.7440491,16139.9218598066
431,53033002500,243.2,0.2783,0.0316,0.1414,0.1088,0.1955,0.096,0.052,0.195,0.117,0.09,86.33,0.086831719,0.25,0.346,0.403,0.215,0.164,0.255,0.392,0.278,0.159,0.346,0.205,0.397,0.312,0.119,0.187,0.147,Second Lowest,Lowest,Lowest,Lowest,002500,2500,25,Census Tract 25,In Seattle,0.31225,0.1895,0.290285714,0.206,878,3155,490,3155,107,3385,508,2598,377,3466,242,2787,10594634.2979736,16442.9685869958
432,53033002700,391.6,0.2594,0.0366,0.154,0.1378,0.1998,0.091,0.045,0.193,0.122,0.089,87.27,0.076694915,0.21,0.414,0.448,0.392,0.176,0.125,0.295,0.227,0.255,0.187,0.103,0.295,0.318,0.261,0.079,0.17,Second Lowest,Second Lowest,Lowest,Lowest,002700,2700,27,Census Tract 27,In Seattle,0.3205,0.284,0.212428571,0.219333333,1524,5876,919,5876,198,5414,860,4305,822,5965,362,4720,17058079.276825,21942.835278366
433,53033003100,531.2,0.191,0.0148,0.1076,0.0429,0.2853,0.098,0.054,0.208,0.118,0.09,85.65,0.099232246,0.011,0.142,0.198,0.011,0.426,0.295,0.448,0.585,0.21,0.346,0.296,0.522,0.045,0.159,0.357,0.119,Lowest,Lowest,Second Lowest,Lowest,003100,3100,31,Census Tract 31,In Seattle,0.0905,0.2185,0.386,0.187,1250,6545,739,6545,94,6332,1403,4917,294,6851,517,5210,23137463.5236206,24704.5680450543
434,53033004101,384,0.2026,0.0312,0.1301,0.0511,0.0491,0.094,0.056,0.187,0.106,0.086,88.22,0.077597841,0.039,0.335,0.34,0.028,0,0.221,0.517,0.107,0.022,0.051,0.069,0.312,0.159,0,0.045,0.017,Lowest,Lowest,Lowest,Lowest,004101,4101,41.01,Census Tract 41.01,In Seattle,0.18825,0.014,0.185571429,0.068,793,3914,537,3914,120,3852,140,2850,209,4094,230,2964,16725728.3182373,24415.6063544242
435,53033004500,165.8,0.2985,0.0187,0.1258,0.3394,0.1952,0.104,0.04,0.208,0.15,0.1,83.72,0.057249322,0.329,0.164,0.323,0.88,0.159,0.38,0.164,0.585,0.903,0.863,0.529,0.136,0.267,0.528,0.607,0.488,Second Lowest,Middle,Second Highest,Middle,004500,4500,45,Census Tract 45,In Seattle,0.28625,0.5195,0.508571429,0.467333333,887,2972,437,2972,62,3321,452,2315,1179,3474,169,2952,7222109.88815308,11018.3020934951
436,53033005305,52.6,0.6641,0.0808,0.3766,0.7012,0.3812,0.172,0.033,0.188,0.212,0.121,86.25,0.127290738,0.92,0.704,0.937,0.994,0.681,0.852,0.022,0.13,0.977,0.971,0.233,0.727,0.897,0.88,0.664,0.857,Highest Equity Priority,Highest Equity Priority/Most Disadvantaged,Second Highest,Highest Equity Priority,005305,5305,53.05,Census Tract 53.05,In Seattle,0.87025,0.8375,0.558857143,0.813666667,1916,2885,774,2885,166,2055,313,821,1441,2055,257,2019,2292236.61642456,6048.60922234004
437,53033005402,114.6,0.2826,0.006,0.1037,0.1118,0.1731,0.08,0.034,0.186,0.126,0.089,82.74,0.052631579,0.255,0.045,0.176,0.227,0.102,0,0.039,0.085,0.426,0.187,0.608,0.079,0.147,0.09,0.073,0.028,Lowest,Lowest,Lowest,Lowest,005402,5402,54.02,Census Tract 54.02,In Seattle,0.18275,0.1645,0.203428571,0.103333333,922,3262,319,3262,18,3019,436,2519,344,3076,151,2869,4993141.86465454,10063.7978469425
438,53033005700,1223.7,0.2419,0.0248,0.1167,0.1152,0.2373,0.107,0.062,0.205,0.114,0.089,84.61,0.093509568,0.147,0.261,0.272,0.255,0.278,0.443,0.613,0.522,0.107,0.187,0.438,0.454,0.187,0.232,0.363,0.238,Lowest,Second Lowest,Second Lowest,Second Lowest,005700,5700,57,Census Tract 57,In Seattle,0.20675,0.2665,0.394857143,0.260666667,1593,6586,770,6586,149,6005,1146,4829,760,6597,474,5069,53305580.569458,44506.124970765
439,53033005804,576.8,0.3996,0.03,0.1401,0.1401,0.3254,0.106,0.052,0.207,0.128,0.092,82.95,0.098878695,0.539,0.329,0.392,0.414,0.545,0.42,0.392,0.562,0.511,0.551,0.563,0.505,0.454,0.471,0.602,0.539,Middle,Middle,Second Highest,Middle,005804,5804,58.04,Census Tract 58.04,In Seattle,0.44975,0.4795,0.500571429,0.509,1196,2993,325,2993,66,2202,653,2007,303,2162,194,1962,25124051.0979309,48665.5949524108
440,53033006701,83.6,0.6064,0.0907,0.4544,0.0545,0.0708,0.083,0.036,0.181,0.122,0.087,87.75,0.054773562,0.857,0.755,0.971,0.039,0.005,0.028,0.062,0.028,0.255,0.073,0.091,0.096,0.863,0.005,0,0.289,Highest Equity Priority,Lowest,Lowest,Second Lowest,006701,6701,67.01,Census Tract 67.01,In Seattle,0.86,0.022,0.090428571,0.289333333,2462,4060,1550,4060,300,3306,218,3081,186,3411,179,3268,3641071.25485229,12683.615996771
441,53033006703,147.5,0.2973,0,0.1141,0.0927,0.3452,0.083,0.036,0.181,0.122,0.087,87.75,0.092035398,0.318,0,0.238,0.164,0.607,0.028,0.062,0.028,0.255,0.073,0.091,0.437,0.21,0.375,0.005,0.142,Second Lowest,Second Lowest,Lowest,Lowest,006703,6703,67.03,Census Tract 67.03,In Seattle,0.2185,0.3855,0.139142857,0.196666667,969,3259,352,3259,0,2942,914,2648,286,3085,260,2825,6427171.8835144,10846.4930444777
442,53033007202,69.3,0.5489,0.1135,0.4987,0.0936,0.2088,0.091,0.036,0.182,0.128,0.089,89.08,0.127388535,0.806,0.806,0.988,0.17,0.193,0.125,0.062,0.045,0.511,0.187,0.029,0.732,0.852,0.107,0.119,0.352,Highest Equity Priority,Lowest,Lowest,Second Lowest,007202,7202,72.02,Census Tract 72.02,In Seattle,0.8515,0.1815,0.241571429,0.359333333,2277,4148,1735,4148,392,3454,657,3147,313,3343,440,3454,3020075.66314697,7591.70188343147
443,53033007203,143.2,0.639,0.1266,0.3671,0.157,0.247,0.091,0.036,0.182,0.128,0.089,89.08,0.081611208,0.903,0.818,0.92,0.522,0.312,0.125,0.062,0.045,0.511,0.187,0.029,0.346,0.92,0.414,0.051,0.477,Highest Equity Priority,Middle,Lowest,Middle,007203,7203,72.03,Census Tract 72.03,In Seattle,0.886,0.417,0.186428571,0.461666667,2186,3421,1072,3421,365,2884,627,2538,454,2891,233,2855,6238804.94308472,12493.9648041353
444,53033007404,38,0.3055,0.0246,0.1301,0.153,0.2016,0.081,0.031,0.187,0.129,0.087,85.9,0.107501674,0.363,0.255,0.34,0.5,0.181,0.011,0.011,0.107,0.573,0.073,0.262,0.63,0.329,0.323,0.107,0.221,Second Lowest,Second Lowest,Lowest,Second Lowest,007404,7404,74.04,Census Tract 74.04,In Seattle,0.33025,0.3405,0.238142857,0.253,855,2799,397,2799,74,3003,566,2807,467,3052,321,2986,1654579.82766724,5775.69998668964
445,53033007405,32.6,0.4327,0.0801,0.1911,0.2632,0.4318,0.114,0.039,0.22,0.151,0.096,74.91,0.112969005,0.642,0.693,0.573,0.772,0.761,0.568,0.13,0.795,0.92,0.732,1,0.664,0.647,0.806,0.806,0.801,Second Highest,Highest Equity Priority/Most Disadvantaged,Highest Equity Priority/Most Disadvantaged,Highest Equity Priority,007405,7405,74.05,Census Tract 74.05,In Seattle,0.6375,0.7665,0.687,0.753,1212,2801,498,2801,204,2548,886,2052,686,2606,277,2452,1418974.04171753,5012.798690012
446,53033007503,46.3,0.4244,0.0119,0.1134,0.2624,0.2469,0.093,0.038,0.203,0.134,0.091,86.6,0.101978022,0.613,0.102,0.232,0.761,0.306,0.176,0.107,0.465,0.727,0.437,0.177,0.568,0.375,0.551,0.34,0.414,Second Lowest,Middle,Second Lowest,Middle,007503,7503,75.03,Census Tract 75.03,In Seattle,0.39,0.5335,0.379571429,0.422,1044,2460,258,2460,27,2275,439,1778,597,2275,232,2275,2018614.36828613,6484.38948225429
447,53033008101,68.7,0.4163,0.0892,0.2442,0.2694,0.4184,0.145,0.083,0.246,0.129,0.094,78.72,0.176237624,0.585,0.744,0.704,0.784,0.744,0.744,0.852,0.943,0.573,0.681,0.915,0.897,0.67,0.795,0.892,0.829,Second Highest,Second Highest,Highest Equity Priority/Most Disadvantaged,Highest Equity Priority,008101,8101,81.01,Census Tract 81.01,In Seattle,0.6545,0.764,0.800714286,0.785666667,1169,2808,622,2808,226,2533,998,2385,684,2539,445,2525,2992166.46090698,11426.8930521341
448,53033010401,402.7,0.7678,0.3592,0.476,0.1783,0.5415,0.209,0.105,0.18,0.117,0.082,82.66,0.125595739,0.96,0.982,0.977,0.602,0.892,0.948,0.954,0.022,0.159,0.005,0.625,0.715,0.977,0.778,0.562,0.818,Highest Equity Priority,Second Highest,Middle,Highest Equity Priority,010401,10401,104.01,Census Tract 104.01,In Seattle,0.96975,0.747,0.489714286,0.772333333,3466,4514,2144,4514,1520,4232,1749,3230,803,4504,448,3567,17543421.0291138,17342.9302013931
449,53033011401,304.7,0.4986,0.0955,0.1969,0.2492,0.6459,0.153,0.063,0.235,0.149,0.1,80.51,0.157437823,0.75,0.772,0.613,0.732,0.954,0.784,0.619,0.886,0.886,0.863,0.819,0.857,0.744,0.886,0.926,0.892,Second Highest,Highest Equity Priority/Most Disadvantaged,Highest Equity Priority/Most Disadvantaged,Highest Equity Priority,011401,11401,114.01,Census Tract 114.01,In Seattle,0.72125,0.843,0.816285714,0.852,2107,4226,988,4226,466,4882,2433,3767,1230,4936,671,4262,13273369.1433105,17478.0591593473
450,53033011700,868.8,0.8409,0.3062,0.3732,0.2719,0.7645,0.226,0.11,0.21,0.127,0.089,82.67,0.162508136,0.988,0.977,0.931,0.795,0.994,0.977,0.96,0.647,0.465,0.187,0.62,0.869,0.982,0.931,0.795,0.931,Highest Equity Priority,Highest Equity Priority/Most Disadvantaged,Second Highest,Highest Equity Priority,011700,11700,117,Census Tract 117,In Seattle,0.971,0.8945,0.675,0.902666667,4757,5657,2074,5657,1591,5196,3182,4162,1506,5539,749,4609,37843428.3737946,29531.8332365581
451,53033011901,415.7,0.7934,0.2538,0.3617,0.1159,0.7084,0.192,0.103,0.237,0.132,0.097,81.13,0.129408419,0.982,0.96,0.909,0.272,0.971,0.914,0.943,0.892,0.687,0.755,0.785,0.75,0.971,0.647,0.931,0.886,Highest Equity Priority,Second Highest,Highest Equity Priority/Most Disadvantaged,Highest Equity Priority,011901,11901,119.01,Census Tract 119.01,In Seattle,0.95825,0.6215,0.818,0.849666667,2950,3718,1592,3718,1058,4168,2274,3210,510,4401,455,3516,18108773.0923767,20466.2077876119
495,53033026400,10.6,0.6357,0.2059,0.325,0.3633,0.7856,0.21,0.087,0.294,0.186,0.11,79.06,0.138625318,0.9,0.93,0.862,0.891,0.998,0.949,0.878,1,0.97,0.963,0.895,0.809,0.933,0.971,0.99,0.992,Highest Equity Priority,Highest Equity Priority/Most Disadvantaged,Highest Equity Priority/Most Disadvantaged,Highest Equity Priority,026400,26400,264,Census Tract 264,In Seattle Partial,0.898,0.9445,0.923428571,0.964666667,3803,5982,1860,5982,1098,5333,3207,4082,2075,5711,599,4321,461382.048614502,5763.40767365897
496,53033026500,106,0.6964,0.2985,0.3572,0.549,0.738,0.298,0.14,0.303,0.21,0.12,79.54,0.171720204,0.934,0.975,0.901,0.969,0.989,0.998,0.99,1,0.976,0.97,0.871,0.887,0.956,0.999,1,0.997,Highest Equity Priority,Highest Equity Priority/Most Disadvantaged,Highest Equity Priority/Most Disadvantaged,Highest Equity Priority,026500,26500,265,Census Tract 265,In Seattle Partial,0.936,0.979,0.956,0.985,3053,4384,1620,4384,1293,4332,2222,3011,2485,4526,572,3331,4617675.48243713,11234.9647811712
